id_municipio;pop_acima60
110001; 2.806 
110002; 10.330 
110003; 723 
110004; 10.179 
110005; 2.051 
110006; 2.294 
110007; 841 
110008; 1.302 
110009; 3.589 
110010; 4.220 
110011; 5.924 
110012; 14.403 
110013; 3.801 
110014; 2.425 
110015; 4.516 
110018; 3.793 
110020; 43.949 
110025; 2.753 
110026; 442 
110028; 5.953 
110029; 860 
110030; 9.559 
110032; 2.317 
110033; 2.558 
110034; 1.883 
110037; 1.380 
110040; 2.155 
110045; 4.187 
110050; 1.174 
110060; 801 
110070; 1.286 
110080; 2.354 
110090; 411 
110092; 741 
110094; 1.570 
110100; 968 
110110; 1.041 
110120; 1.118 
110130; 1.523 
110140; 1.859 
110143; 789 
110145; 563 
110146; 213 
110147; 397 
110148; 819 
110149; 2.143 
110150; 1.353 
110155; 619 
110160; 1.396 
110170; 1.558 
110175; 1.377 
110180; 872 
120001; 1.351 
120005; 559 
120010; 2.394 
120013; 1.048 
120017; 1.115 
120020; 6.778 
120025; 1.709 
120030; 2.203 
120032; 209 
120033; 1.480 
120034; 617 
120035; 699 
120038; 2.033 
120039; 420 
120040; 35.201 
120042; 934 
120043; 168 
120045; 2.375 
120050; 3.375 
120060; 2.646 
120070; 1.813 
120080; 2.020 
130002; 815 
130006; 570 
130008; 819 
130010; 1.185 
130014; 1.669 
130020; 921 
130030; 3.255 
130040; 2.076 
130050; 2.247 
130060; 2.525 
130063; 1.277 
130068; 1.228 
130070; 2.867 
130080; 2.929 
130083; 898 
130090; 1.383 
130100; 1.947 
130110; 3.001 
130115; 2.659 
130120; 5.474 
130130; 1.735 
130140; 2.359 
130150; 1.157 
130160; 1.269 
130165; 888 
130170; 4.115 
130180; 1.542 
130185; 4.160 
130190; 8.805 
130195; 409 
130200; 808 
130210; 95 
130220; 737 
130230; 900 
130240; 3.323 
130250; 7.730 
130255; 2.051 
130260; 185.241 
130270; 3.943 
130280; 779 
130290; 4.697 
130300; 1.844 
130310; 2.517 
130320; 1.530 
130330; 1.974 
130340; 9.807 
130350; 1.020 
130353; 2.881 
130356; 2.731 
130360; 1.314 
130370; 1.197 
130380; 3.588 
130390; 2.637 
130395; 776 
130400; 797 
130406; 4.107 
130410; 1.520 
130420; 4.150 
130423; 933 
130426; 776 
130430; 1.520 
130440; 1.716 
140002; 706 
140005; 1.300 
140010; 29.108 
140015; 1.084 
140017; 1.712 
140020; 1.550 
140023; 765 
140028; 820 
140030; 1.496 
140040; 640 
140045; 1.055 
140047; 2.097 
140050; 530 
140060; 667 
140070; 441 
150010; 14.683 
150013; 760 
150020; 4.338 
150030; 2.557 
150034; 1.480 
150040; 5.558 
150050; 2.913 
150060; 10.715 
150070; 1.736 
150080; 55.547 
150085; 1.863 
150090; 3.697 
150095; 2.444 
150100; 1.618 
150110; 1.504 
150120; 3.462 
150125; 449 
150130; 9.018 
150140; 199.150 
150145; 2.050 
150150; 5.383 
150157; 1.652 
150160; 1.188 
150170; 11.543 
150172; 1.751 
150175; 850 
150178; 5.114 
150180; 7.805 
150190; 2.344 
150195; 1.538 
150200; 2.212 
150210; 11.718 
150215; 1.738 
150220; 7.909 
150230; 5.082 
150240; 18.654 
150250; 1.740 
150260; 1.522 
150270; 6.168 
150275; 2.502 
150276; 842 
150277; 2.431 
150280; 1.979 
150285; 1.009 
150290; 4.699 
150293; 4.259 
150295; 3.023 
150300; 704 
150304; 1.784 
150307; 2.298 
150309; 2.892 
150310; 2.225 
150320; 4.332 
150330; 5.661 
150340; 1.153 
150345; 3.088 
150350; 3.635 
150360; 9.756 
150370; 4.451 
150375; 445 
150380; 4.422 
150390; 3.667 
150400; 2.067 
150405; 2.984 
150410; 1.042 
150420; 20.024 
150430; 3.588 
150440; 3.678 
150442; 9.279 
150445; 2.618 
150450; 1.078 
150460; 2.830 
150470; 5.620 
150475; 1.898 
150480; 6.682 
150490; 2.735 
150495; 1.352 
150497; 1.652 
150500; 2.012 
150503; 1.841 
150506; 5.626 
150510; 5.301 
150520; 2.141 
150530; 6.354 
150540; 1.894 
150543; 1.567 
150548; 3.719 
150549; 851 
150550; 7.492 
150553; 9.409 
150555; 602 
150560; 1.072 
150563; 1.231 
150565; 1.857 
150570; 2.539 
150580; 3.417 
150590; 1.992 
150600; 2.351 
150610; 1.455 
150611; 1.418 
150613; 8.272 
150616; 1.995 
150618; 4.845 
150619; 3.635 
150620; 3.965 
150630; 2.276 
150635; 1.924 
150640; 782 
150650; 6.173 
150655; 2.116 
150658; 2.452 
150660; 2.867 
150670; 4.457 
150680; 30.194 
150690; 669 
150700; 3.049 
150710; 2.092 
150715; 2.978 
150720; 2.587 
150730; 5.474 
150740; 2.046 
150745; 2.616 
150746; 646 
150747; 2.603 
150750; 1.523 
150760; 5.399 
150770; 2.038 
150775; 557 
150780; 856 
150790; 2.682 
150795; 4.949 
150796; 1.265 
150797; 1.807 
150800; 5.277 
150803; 2.859 
150805; 1.424 
150808; 3.255 
150810; 8.789 
150812; 3.807 
150815; 3.356 
150820; 5.529 
150830; 4.785 
150835; 1.140 
150840; 3.752 
160005; 377 
160010; 682 
160015; 925 
160020; 797 
160021; 382 
160023; 589 
160025; 420 
160027; 3.277 
160030; 36.500 
160040; 1.489 
160050; 1.179 
160053; 1.411 
160055; 270 
160060; 9.118 
160070; 1.434 
160080; 1.092 
170025; 322 
170030; 505 
170035; 885 
170040; 927 
170070; 1.109 
170100; 1.168 
170105; 466 
170110; 608 
170130; 885 
170190; 923 
170200; 1.452 
170210; 17.023 
170215; 645 
170220; 3.678 
170230; 872 
170240; 1.453 
170255; 1.925 
170270; 573 
170290; 1.068 
170300; 1.411 
170305; 386 
170307; 479 
170310; 777 
170320; 524 
170330; 397 
170360; 282 
170370; 777 
170380; 1.150 
170382; 268 
170384; 681 
170386; 529 
170388; 316 
170389; 419 
170390; 660 
170410; 385 
170460; 241 
170510; 476 
170550; 3.846 
170555; 551 
170560; 580 
170600; 636 
170610; 1.196 
170625; 262 
170650; 737 
170700; 2.151 
170710; 1.059 
170720; 1.145 
170730; 757 
170740; 984 
170755; 613 
170765; 887 
170770; 1.138 
170820; 2.555 
170825; 275 
170830; 658 
170900; 1.513 
170930; 3.001 
170950; 9.755 
170980; 278 
171050; 904 
171070; 769 
171090; 587 
171110; 297 
171150; 638 
171180; 274 
171190; 1.055 
171195; 484 
171200; 415 
171215; 253 
171240; 534 
171245; 391 
171250; 575 
171270; 178 
171280; 412 
171320; 2.376 
171330; 2.079 
171360; 1.205 
171370; 340 
171380; 730 
171395; 425 
171420; 1.309 
171430; 598 
171488; 1.327 
171500; 727 
171510; 640 
171515; 321 
171525; 277 
171550; 167 
171570; 629 
171575; 1.041 
171610; 5.663 
171620; 1.297 
171630; 611 
171650; 1.243 
171660; 1.518 
171665; 718 
171670; 1.194 
171700; 586 
171720; 488 
171750; 1.084 
171780; 723 
171790; 921 
171800; 425 
171820; 6.064 
171830; 846 
171840; 533 
171845; 249 
171850; 436 
171855; 654 
171865; 198 
171870; 350 
171875; 977 
171880; 404 
171884; 455 
171886; 720 
171888; 478 
171889; 274 
171890; 632 
171900; 317 
172000; 300 
172010; 468 
172015; 169 
172020; 1.291 
172025; 325 
172030; 508 
172049; 665 
172065; 946 
172080; 1.184 
172085; 267 
172090; 2.272 
172093; 274 
172097; 344 
172100; 22.221 
172110; 647 
172120; 2.803 
172125; 185 
172130; 359 
172208; 1.455 
172210; 1.312 
210005; 10.083 
210010; 499 
210015; 1.308 
210020; 2.460 
210030; 2.236 
210040; 886 
210043; 2.394 
210047; 3.489 
210050; 1.314 
210055; 632 
210060; 3.978 
210070; 3.167 
210080; 1.376 
210083; 1.522 
210087; 1.187 
210090; 5.000 
210095; 2.642 
210100; 3.400 
210110; 1.371 
210120; 12.190 
210125; 1.468 
210130; 2.209 
210135; 746 
210140; 6.841 
210150; 2.386 
210160; 10.167 
210170; 4.936 
210173; 474 
210177; 1.172 
210180; 816 
210190; 3.022 
210193; 786 
210197; 774 
210200; 4.243 
210203; 1.983 
210207; 1.485 
210210; 3.950 
210215; 655 
210220; 2.898 
210230; 3.095 
210232; 5.710 
210235; 1.829 
210237; 791 
210240; 1.162 
210250; 1.788 
210255; 1.350 
210260; 1.796 
210270; 1.982 
210275; 1.526 
210280; 3.229 
210290; 1.921 
210300; 20.056 
210310; 1.297 
210312; 937 
210315; 751 
210317; 1.137 
210320; 7.769 
210325; 1.646 
210330; 15.262 
210340; 5.785 
210350; 4.259 
210355; 1.303 
210360; 7.281 
210370; 4.493 
210375; 1.511 
210380; 2.727 
210390; 1.052 
210400; 2.257 
210405; 3.002 
210407; 944 
210408; 744 
210409; 1.588 
210410; 1.313 
210420; 2.076 
210430; 818 
210440; 2.269 
210450; 1.354 
210455; 1.778 
210460; 2.035 
210462; 956 
210465; 881 
210467; 2.388 
210470; 881 
210480; 5.574 
210490; 1.789 
210500; 2.491 
210510; 2.495 
210515; 1.282 
210520; 1.527 
210530; 28.324 
210535; 1.313 
210540; 6.655 
210542; 2.917 
210545; 1.118 
210547; 1.404 
210550; 2.827 
210560; 1.927 
210565; 318 
210570; 5.577 
210580; 1.214 
210590; 1.732 
210592; 1.247 
210594; 1.288 
210596; 975 
210598; 931 
210600; 1.686 
210610; 1.327 
210620; 659 
210630; 1.907 
210632; 2.006 
210635; 354 
210637; 1.187 
210640; 1.534 
210650; 2.615 
210660; 3.700 
210663; 1.315 
210667; 847 
210670; 2.281 
210675; 2.560 
210680; 1.747 
210690; 2.947 
210700; 1.117 
210710; 1.747 
210720; 980 
210725; 674 
210730; 730 
210735; 2.080 
210740; 2.526 
210745; 1.426 
210750; 11.192 
210760; 2.211 
210770; 2.794 
210780; 4.318 
210790; 2.327 
210800; 2.284 
210805; 1.228 
210810; 2.156 
210820; 5.226 
210825; 1.999 
210830; 3.627 
210840; 1.592 
210845; 2.465 
210850; 3.880 
210860; 9.919 
210870; 2.526 
210880; 1.849 
210890; 2.531 
210900; 2.440 
210905; 995 
210910; 5.461 
210920; 975 
210923; 745 
210927; 1.877 
210930; 1.051 
210940; 1.410 
210945; 2.466 
210950; 2.567 
210955; 888 
210960; 4.444 
210970; 822 
210975; 739 
210980; 4.044 
210990; 9.838 
211000; 7.583 
211003; 2.538 
211010; 2.659 
211020; 3.703 
211023; 1.354 
211027; 1.172 
211030; 1.841 
211040; 1.953 
211050; 4.967 
211060; 2.928 
211065; 757 
211070; 4.023 
211080; 670 
211085; 1.262 
211090; 1.733 
211100; 2.442 
211102; 1.058 
211105; 1.455 
211107; 2.297 
211110; 3.852 
211120; 15.262 
211125; 1.039 
211130; 123.459 
211140; 2.132 
211150; 4.964 
211153; 1.197 
211157; 507 
211160; 2.208 
211163; 484 
211167; 448 
211170; 2.366 
211172; 1.032 
211174; 1.176 
211176; 1.902 
211178; 1.069 
211180; 1.807 
211190; 1.379 
211195; 830 
211200; 795 
211210; 3.263 
211220; 18.373 
211223; 2.673 
211227; 606 
211230; 4.995 
211240; 2.964 
211245; 1.822 
211250; 5.015 
211260; 2.569 
211270; 4.545 
211280; 5.746 
211285; 1.006 
211290; 3.804 
211300; 4.020 
211400; 5.405 
220005; 885 
220010; 931 
220020; 2.358 
220025; 1.184 
220027; 648 
220030; 2.401 
220040; 5.403 
220045; 541 
220050; 2.780 
220060; 1.253 
220070; 1.100 
220080; 449 
220090; 1.029 
220095; 399 
220100; 662 
220105; 831 
220110; 1.567 
220115; 841 
220117; 662 
220120; 5.813 
220130; 406 
220140; 1.020 
220150; 3.530 
220155; 413 
220157; 426 
220160; 1.670 
220170; 775 
220173; 668 
220177; 793 
220180; 808 
220190; 2.058 
220191; 696 
220192; 805 
220194; 1.066 
220196; 1.183 
220198; 495 
220200; 2.442 
220202; 1.100 
220205; 1.543 
220207; 489 
220208; 838 
220209; 747 
220210; 832 
220211; 543 
220213; 781 
220217; 703 
220220; 7.200 
220225; 574 
220230; 3.123 
220240; 1.597 
220245; 484 
220250; 1.109 
220253; 656 
220255; 558 
220260; 3.196 
220265; 500 
220270; 3.115 
220271; 766 
220272; 714 
220273; 542 
220275; 806 
220277; 1.089 
220280; 770 
220285; 664 
220290; 2.908 
220300; 1.036 
220310; 1.271 
220320; 1.339 
220323; 589 
220325; 531 
220327; 553 
220330; 1.876 
220335; 1.037 
220340; 979 
220342; 592 
220345; 1.396 
220350; 2.521 
220360; 814 
220370; 5.069 
220375; 756 
220380; 664 
220385; 478 
220390; 7.936 
220400; 936 
220410; 848 
220415; 365 
220420; 1.227 
220430; 1.540 
220435; 685 
220440; 1.298 
220450; 1.365 
220455; 395 
220460; 565 
220465; 1.093 
220470; 2.236 
220480; 1.386 
220490; 1.072 
220500; 2.062 
220510; 1.662 
220515; 840 
220520; 2.579 
220525; 627 
220527; 836 
220530; 690 
220535; 374 
220540; 1.645 
220545; 535 
220550; 4.912 
220551; 683 
220552; 747 
220553; 583 
220554; 400 
220555; 1.034 
220556; 616 
220557; 824 
220558; 524 
220559; 753 
220560; 911 
220570; 3.438 
220580; 3.382 
220585; 849 
220590; 733 
220595; 864 
220600; 726 
220605; 973 
220610; 1.219 
220620; 3.862 
220630; 157 
220635; 892 
220640; 1.650 
220650; 1.277 
220660; 1.147 
220665; 530 
220667; 833 
220669; 982 
220670; 1.245 
220672; 1.119 
220675; 838 
220680; 927 
220690; 1.143 
220695; 502 
220700; 4.999 
220710; 327 
220720; 1.075 
220730; 659 
220735; 644 
220740; 631 
220750; 1.874 
220755; 583 
220760; 1.172 
220770; 18.794 
220775; 472 
220777; 1.061 
220779; 583 
220780; 2.582 
220785; 593 
220790; 6.071 
220793; 278 
220795; 485 
220800; 9.099 
220810; 1.758 
220820; 2.140 
220830; 3.719 
220840; 9.265 
220850; 1.199 
220855; 336 
220860; 568 
220865; 1.179 
220870; 1.020 
220880; 2.559 
220885; 429 
220887; 554 
220890; 741 
220900; 1.096 
220910; 1.030 
220915; 573 
220920; 620 
220930; 716 
220935; 694 
220937; 763 
220940; 975 
220945; 251 
220950; 649 
220955; 652 
220960; 640 
220965; 615 
220970; 1.073 
220975; 340 
220980; 658 
220985; 781 
220987; 692 
220990; 1.253 
220995; 623 
220997; 914 
221000; 2.553 
221005; 655 
221010; 589 
221020; 1.083 
221030; 1.014 
221035; 788 
221037; 400 
221038; 431 
221039; 371 
221040; 2.653 
221050; 1.892 
221060; 3.856 
221062; 360 
221063; 539 
221065; 1.567 
221070; 1.729 
221080; 1.775 
221090; 694 
221093; 1.016 
221095; 334 
221097; 353 
221100; 103.428 
221110; 5.745 
221120; 2.149 
221130; 3.702 
221135; 564 
221140; 807 
221150; 487 
221160; 414 
221170; 612 
230010; 1.725 
230015; 1.825 
230020; 6.828 
230030; 9.091 
230040; 2.537 
230050; 1.542 
230060; 1.183 
230070; 2.499 
230075; 4.846 
230080; 1.206 
230090; 2.036 
230100; 8.908 
230110; 9.548 
230120; 3.749 
230125; 1.870 
230130; 2.624 
230140; 1.561 
230150; 1.261 
230160; 3.824 
230170; 3.976 
230180; 980 
230185; 2.342 
230190; 7.597 
230195; 2.784 
230200; 3.738 
230205; 1.999 
230210; 4.448 
230220; 7.559 
230230; 4.265 
230240; 8.743 
230250; 6.402 
230260; 7.081 
230270; 4.191 
230280; 10.620 
230290; 2.342 
230300; 2.566 
230310; 3.017 
230320; 4.141 
230330; 3.432 
230340; 2.520 
230350; 9.481 
230360; 2.854 
230365; 1.680 
230370; 38.500 
230380; 4.597 
230390; 1.617 
230393; 1.859 
230395; 2.304 
230400; 2.910 
230410; 12.225 
230420; 16.945 
230423; 2.924 
230425; 3.067 
230426; 1.685 
230427; 1.187 
230428; 4.971 
230430; 3.111 
230435; 2.923 
230440; 343.686 
230445; 2.208 
230450; 1.792 
230460; 1.015 
230465; 2.229 
230470; 5.993 
230480; 767 
230490; 1.722 
230495; 2.825 
230500; 5.755 
230510; 593 
230520; 3.406 
230523; 5.379 
230526; 1.828 
230530; 3.752 
230533; 1.784 
230535; 2.522 
230540; 10.215 
230550; 15.306 
230560; 4.411 
230565; 2.127 
230570; 2.106 
230580; 6.664 
230590; 6.245 
230600; 2.498 
230610; 2.812 
230620; 1.390 
230625; 3.531 
230630; 5.807 
230640; 14.011 
230650; 2.664 
230655; 3.857 
230660; 2.669 
230670; 3.054 
230680; 1.685 
230690; 5.917 
230700; 4.603 
230710; 3.806 
230720; 1.238 
230725; 1.690 
230730; 31.354 
230740; 4.079 
230750; 5.386 
230760; 8.112 
230763; 2.461 
230765; 24.970 
230770; 13.847 
230780; 2.515 
230790; 1.426 
230800; 4.289 
230810; 6.122 
230820; 2.106 
230830; 4.085 
230835; 2.437 
230837; 1.628 
230840; 4.689 
230850; 7.232 
230860; 2.788 
230870; 9.905 
230880; 1.022 
230890; 2.514 
230900; 2.532 
230910; 1.481 
230920; 1.893 
230930; 5.590 
230940; 4.681 
230945; 3.808 
230950; 3.947 
230960; 7.099 
230970; 7.764 
230980; 1.534 
230990; 1.004 
231000; 1.573 
231010; 1.657 
231020; 4.278 
231025; 3.853 
231030; 5.210 
231040; 1.574 
231050; 6.653 
231060; 1.081 
231070; 4.797 
231080; 2.647 
231085; 2.772 
231090; 2.742 
231095; 1.706 
231100; 1.939 
231110; 2.143 
231120; 1.424 
231123; 903 
231126; 3.284 
231130; 11.378 
231135; 2.966 
231140; 11.312 
231150; 2.600 
231160; 4.170 
231170; 3.092 
231180; 9.594 
231190; 2.651 
231195; 1.781 
231200; 3.886 
231210; 2.402 
231220; 6.561 
231230; 6.329 
231240; 5.138 
231250; 1.692 
231260; 1.873 
231270; 4.286 
231280; 917 
231290; 20.959 
231300; 3.293 
231310; 4.448 
231320; 4.474 
231325; 1.437 
231330; 9.574 
231335; 2.222 
231340; 8.120 
231350; 6.753 
231355; 2.095 
231360; 4.229 
231370; 1.397 
231375; 2.308 
231380; 2.303 
231390; 1.667 
231395; 2.977 
231400; 6.959 
231410; 6.870 
240010; 2.018 
240020; 6.917 
240030; 1.438 
240040; 448 
240050; 2.562 
240060; 731 
240070; 1.424 
240080; 1.894 
240090; 1.255 
240100; 5.188 
240110; 3.634 
240120; 1.630 
240130; 1.458 
240140; 1.027 
240145; 2.729 
240150; 755 
240160; 739 
240165; 261 
240170; 1.446 
240180; 1.650 
240185; 763 
240190; 551 
240200; 10.540 
240210; 1.661 
240220; 3.310 
240230; 3.280 
240240; 1.129 
240250; 1.317 
240260; 8.138 
240270; 1.727 
240280; 815 
240290; 736 
240300; 1.426 
240310; 7.376 
240320; 1.222 
240325; 27.235 
240330; 906 
240340; 876 
240350; 1.456 
240360; 3.217 
240370; 997 
240375; 477 
240380; 1.514 
240390; 500 
240400; 706 
240410; 259 
240420; 2.708 
240430; 1.769 
240440; 1.395 
240450; 1.211 
240460; 1.549 
240470; 1.718 
240480; 453 
240485; 820 
240490; 957 
240500; 1.428 
240510; 836 
240520; 885 
240530; 1.334 
240540; 747 
240550; 431 
240560; 2.028 
240570; 2.684 
240580; 4.138 
240590; 367 
240600; 1.168 
240610; 3.001 
240615; 584 
240620; 829 
240630; 1.005 
240640; 417 
240650; 1.887 
240660; 999 
240670; 1.744 
240680; 780 
240690; 624 
240700; 1.522 
240710; 8.614 
240720; 3.973 
240725; 684 
240730; 1.457 
240740; 1.549 
240750; 1.287 
240760; 608 
240770; 1.550 
240780; 2.819 
240790; 248 
240800; 35.216 
240810; 126.131 
240820; 2.826 
240830; 4.863 
240840; 860 
240850; 962 
240860; 796 
240870; 577 
240880; 704 
240890; 3.339 
240895; 974 
240910; 1.779 
240920; 421 
240930; 1.915 
240933; 733 
240940; 4.520 
240950; 317 
240960; 369 
240970; 1.103 
240980; 1.897 
240990; 1.761 
241000; 694 
241010; 1.710 
241020; 1.423 
241025; 667 
241030; 1.252 
241040; 1.084 
241050; 833 
241060; 552 
241070; 504 
241080; 761 
241090; 1.108 
241100; 711 
241105; 530 
241110; 557 
241120; 5.103 
241140; 2.149 
241142; 435 
241150; 3.209 
241160; 423 
241170; 559 
241180; 600 
241190; 697 
241200; 10.221 
241210; 1.257 
241220; 5.198 
241230; 1.825 
241240; 674 
241250; 3.483 
241255; 1.068 
241260; 2.533 
241270; 976 
241280; 1.469 
241290; 2.012 
241300; 1.035 
241310; 842 
241320; 506 
241330; 844 
241335; 1.235 
241340; 1.146 
241350; 891 
241355; 805 
241360; 443 
241370; 816 
241380; 328 
241390; 1.551 
241400; 1.869 
241410; 1.580 
241415; 657 
241420; 1.269 
241430; 453 
241440; 3.761 
241445; 388 
241450; 1.791 
241460; 1.853 
241470; 925 
241475; 448 
241480; 1.376 
241490; 248 
241500; 312 
250010; 1.334 
250020; 1.005 
250030; 4.392 
250040; 2.864 
250050; 1.889 
250053; 774 
250057; 359 
250060; 1.821 
250070; 3.265 
250073; 297 
250077; 1.406 
250080; 2.756 
250090; 2.532 
250100; 2.673 
250110; 3.274 
250115; 273 
250120; 1.132 
250130; 3.101 
250135; 498 
250140; 802 
250150; 3.102 
250153; 744 
250157; 1.501 
250160; 2.489 
250170; 950 
250180; 10.905 
250190; 3.112 
250200; 1.151 
250205; 487 
250210; 921 
250215; 989 
250220; 408 
250230; 994 
250240; 1.442 
250250; 2.507 
250260; 1.031 
250270; 740 
250280; 1.866 
250290; 1.077 
250300; 1.926 
250310; 926 
250320; 7.905 
250330; 1.548 
250340; 548 
250350; 2.686 
250355; 772 
250360; 1.050 
250370; 9.282 
250375; 440 
250380; 829 
250390; 931 
250400; 56.184 
250403; 662 
250407; 708 
250410; 350 
250415; 1.100 
250420; 728 
250430; 4.687 
250435; 687 
250440; 2.862 
250450; 1.302 
250460; 2.344 
250470; 785 
250480; 2.372 
250485; 340 
250490; 1.775 
250500; 1.025 
250510; 3.412 
250520; 931 
250523; 912 
250527; 699 
250530; 289 
250535; 720 
250540; 1.241 
250550; 523 
250560; 957 
250570; 1.578 
250580; 571 
250590; 429 
250600; 4.601 
250610; 1.789 
250620; 647 
250625; 1.258 
250630; 7.607 
250640; 1.934 
250650; 537 
250660; 1.147 
250670; 1.292 
250680; 2.845 
250690; 3.612 
250700; 3.089 
250710; 2.471 
250720; 1.607 
250730; 2.318 
250740; 1.381 
250750; 110.140 
250760; 1.125 
250770; 2.117 
250780; 977 
250790; 1.431 
250800; 1.535 
250810; 869 
250820; 1.263 
250830; 3.604 
250840; 436 
250850; 1.084 
250855; 604 
250860; 1.487 
250870; 611 
250880; 1.003 
250890; 4.978 
250900; 1.472 
250905; 758 
250910; 3.342 
250915; 1.072 
250920; 1.926 
250930; 754 
250933; 581 
250937; 441 
250939; 823 
250940; 1.954 
250950; 853 
250960; 599 
250970; 5.115 
250980; 1.389 
250990; 1.489 
251000; 1.294 
251010; 1.636 
251020; 913 
251030; 807 
251040; 975 
251050; 590 
251060; 525 
251065; 304 
251070; 366 
251080; 14.152 
251090; 1.934 
251100; 582 
251110; 1.223 
251120; 3.346 
251130; 2.523 
251140; 2.813 
251150; 1.519 
251160; 808 
251170; 746 
251180; 1.456 
251190; 1.705 
251200; 2.617 
251203; 504 
251207; 774 
251210; 5.513 
251220; 694 
251230; 3.142 
251240; 1.812 
251250; 5.800 
251260; 206 
251270; 3.023 
251272; 889 
251274; 484 
251275; 666 
251276; 627 
251278; 225 
251280; 1.219 
251290; 3.330 
251300; 529 
251310; 2.260 
251315; 944 
251320; 1.489 
251330; 1.229 
251335; 425 
251340; 2.616 
251350; 747 
251360; 1.338 
251365; 473 
251370; 15.541 
251380; 750 
251385; 473 
251390; 3.838 
251392; 773 
251394; 463 
251396; 605 
251398; 748 
251400; 768 
251410; 707 
251420; 1.391 
251430; 739 
251440; 773 
251445; 816 
251450; 2.946 
251455; 583 
251460; 423 
251465; 236 
251470; 655 
251480; 661 
251490; 1.522 
251500; 793 
251510; 1.693 
251520; 509 
251530; 7.630 
251540; 1.279 
251550; 2.604 
251560; 496 
251570; 427 
251580; 1.214 
251590; 933 
251593; 840 
251597; 937 
251600; 4.267 
251610; 2.166 
251615; 460 
251620; 10.600 
251630; 2.874 
251640; 1.413 
251650; 2.459 
251660; 2.077 
251670; 1.864 
251675; 375 
251680; 1.670 
251690; 2.769 
251700; 1.564 
251710; 518 
251720; 1.069 
251740; 320 
260005; 13.937 
260010; 5.631 
260020; 2.422 
260030; 3.397 
260040; 3.432 
260050; 5.475 
260060; 2.223 
260070; 5.047 
260080; 3.934 
260090; 2.468 
260100; 1.618 
260105; 1.962 
260110; 9.343 
260120; 9.941 
260130; 1.458 
260140; 4.440 
260150; 1.375 
260160; 2.405 
260170; 10.222 
260180; 1.769 
260190; 9.419 
260200; 4.583 
260210; 6.314 
260220; 6.124 
260230; 5.255 
260240; 1.167 
260250; 1.021 
260260; 5.636 
260270; 1.731 
260280; 6.524 
260290; 22.497 
260300; 3.649 
260310; 2.858 
260320; 3.446 
260330; 1.389 
260340; 875 
260345; 20.381 
260350; 2.728 
260360; 1.221 
260370; 3.442 
260380; 2.801 
260390; 2.937 
260392; 1.228 
260400; 10.888 
260410; 40.493 
260415; 2.018 
260420; 4.736 
260430; 1.379 
260440; 1.720 
260450; 2.905 
260460; 3.472 
260470; 2.568 
260480; 1.220 
260490; 1.829 
260500; 3.302 
260510; 5.340 
260515; 2.435 
260520; 7.358 
260530; 4.364 
260540; 3.275 
260545; 205 
260550; 1.676 
260560; 3.804 
260570; 3.517 
260580; 2.783 
260590; 2.827 
260600; 17.842 
260610; 4.077 
260620; 10.020 
260630; 1.036 
260640; 11.414 
260650; 2.496 
260660; 3.290 
260670; 1.272 
260680; 13.897 
260690; 2.035 
260700; 1.741 
260710; 752 
260720; 7.166 
260730; 3.163 
260740; 528 
260750; 3.582 
260760; 2.672 
260765; 4.364 
260770; 2.479 
260775; 2.876 
260780; 1.822 
260790; 91.391 
260795; 1.131 
260800; 2.357 
260805; 2.165 
260810; 5.087 
260820; 1.502 
260825; 1.356 
260830; 1.953 
260840; 2.368 
260845; 2.238 
260850; 2.716 
260860; 1.857 
260870; 2.183 
260875; 2.453 
260880; 5.689 
260890; 8.604 
260900; 3.853 
260910; 1.662 
260915; 2.022 
260920; 1.110 
260930; 1.960 
260940; 7.997 
260950; 4.939 
260960; 60.939 
260970; 3.736 
260980; 1.490 
260990; 8.340 
261000; 6.948 
261010; 1.128 
261020; 3.993 
261030; 1.577 
261040; 2.961 
261050; 4.351 
261060; 6.099 
261070; 49.722 
261080; 2.916 
261090; 9.344 
261100; 3.793 
261110; 30.940 
261120; 1.589 
261130; 3.553 
261140; 1.553 
261150; 3.023 
261153; 994 
261160; 262.220 
261170; 2.892 
261180; 5.416 
261190; 2.112 
261200; 1.586 
261210; 1.658 
261220; 7.144 
261230; 2.318 
261240; 3.131 
261245; 2.055 
261247; 1.776 
261250; 8.160 
261255; 2.044 
261260; 4.287 
261270; 2.035 
261280; 1.662 
261290; 1.632 
261300; 7.324 
261310; 4.467 
261320; 2.942 
261330; 3.110 
261340; 2.232 
261350; 5.157 
261360; 5.433 
261370; 13.610 
261380; 2.379 
261390; 10.753 
261400; 2.514 
261410; 4.992 
261420; 3.673 
261430; 1.516 
261440; 803 
261450; 9.515 
261460; 4.149 
261470; 1.883 
261480; 3.137 
261485; 2.194 
261500; 3.295 
261510; 1.021 
261520; 1.266 
261530; 7.654 
261540; 2.778 
261550; 1.590 
261560; 3.061 
261570; 2.633 
261580; 2.999 
261590; 1.459 
261600; 2.377 
261610; 1.410 
261618; 1.200 
261620; 2.736 
261630; 3.302 
261640; 18.478 
261650; 1.527 
270010; 2.517 
270020; 2.139 
270030; 27.204 
270040; 4.488 
270050; 1.429 
270060; 658 
270070; 2.081 
270080; 700 
270090; 798 
270100; 3.297 
270110; 1.083 
270120; 1.448 
270130; 2.041 
270135; 640 
270140; 4.716 
270150; 1.214 
270160; 1.944 
270170; 1.851 
270180; 846 
270190; 777 
270200; 1.599 
270210; 2.114 
270220; 666 
270230; 5.243 
270235; 2.968 
270240; 6.172 
270250; 1.339 
270255; 2.940 
270260; 2.739 
270270; 514 
270280; 1.439 
270290; 4.590 
270300; 1.822 
270310; 3.697 
270320; 2.928 
270330; 2.173 
270340; 654 
270350; 569 
270360; 772 
270370; 620 
270375; 1.114 
270380; 2.198 
270390; 485 
270400; 3.079 
270410; 2.520 
270420; 3.707 
270430; 124.338 
270440; 2.493 
270450; 2.699 
270460; 1.236 
270470; 5.297 
270480; 1.918 
270490; 578 
270500; 2.953 
270510; 2.512 
270520; 1.605 
270530; 790 
270540; 808 
270550; 2.637 
270560; 1.132 
270570; 2.588 
270580; 933 
270590; 650 
270600; 1.508 
270610; 1.540 
270620; 650 
270630; 10.521 
270640; 2.999 
270642; 1.355 
270644; 1.261 
270650; 1.366 
270660; 1.090 
270670; 7.502 
270680; 1.986 
270690; 3.869 
270700; 355 
270710; 2.515 
270720; 1.322 
270730; 2.701 
270740; 798 
270750; 2.382 
270760; 1.407 
270770; 7.877 
270780; 545 
270790; 886 
270800; 5.178 
270810; 1.165 
270820; 955 
270830; 2.680 
270840; 3.242 
270850; 2.752 
270860; 5.770 
270870; 850 
270880; 3.800 
270890; 1.347 
270895; 1.472 
270900; 870 
270910; 2.905 
270915; 4.236 
270920; 3.310 
270930; 7.380 
270940; 3.060 
280010; 280 
280020; 2.956 
280030; 82.141 
280040; 1.141 
280050; 1.876 
280060; 2.928 
280067; 3.486 
280070; 737 
280100; 2.500 
280110; 460 
280120; 2.195 
280130; 3.691 
280140; 2.965 
280150; 1.181 
280160; 830 
280170; 1.574 
280190; 554 
280200; 541 
280210; 7.945 
280220; 700 
280230; 1.896 
280240; 1.352 
280250; 363 
280260; 900 
280270; 897 
280280; 1.524 
280290; 10.762 
280300; 4.477 
280310; 825 
280320; 3.351 
280330; 2.187 
280340; 1.419 
280350; 13.266 
280360; 2.444 
280370; 1.050 
280380; 346 
280390; 1.585 
280400; 1.530 
280410; 1.833 
280420; 1.441 
280430; 883 
280440; 2.333 
280445; 1.231 
280450; 3.968 
280460; 3.305 
280470; 841 
280480; 15.678 
280490; 1.507 
280500; 431 
280510; 1.095 
280520; 994 
280530; 919 
280540; 3.127 
280550; 3.645 
280560; 3.139 
280570; 3.428 
280580; 2.348 
280590; 908 
280600; 2.670 
280610; 881 
280620; 2.382 
280630; 1.288 
280640; 704 
280650; 490 
280660; 1.378 
280670; 9.052 
280680; 1.523 
280690; 448 
280700; 535 
280710; 5.320 
280720; 1.003 
280730; 327 
280740; 6.747 
280750; 1.414 
280760; 2.515 
290010; 2.103 
290020; 2.215 
290030; 2.108 
290035; 2.336 
290040; 2.620 
290050; 1.833 
290060; 786 
290070; 19.735 
290080; 2.703 
290090; 1.076 
290100; 5.622 
290110; 3.192 
290115; 2.056 
290120; 4.455 
290130; 1.620 
290135; 1.836 
290140; 2.137 
290150; 1.834 
290160; 3.133 
290170; 1.560 
290180; 1.772 
290190; 2.599 
290195; 1.092 
290200; 2.392 
290205; 1.167 
290210; 6.880 
290220; 1.430 
290225; 1.249 
290230; 1.008 
290240; 1.479 
290250; 1.900 
290260; 3.237 
290265; 1.769 
290270; 5.693 
290280; 2.385 
290290; 4.391 
290300; 2.699 
290310; 708 
290320; 13.948 
290323; 2.102 
290327; 1.744 
290330; 868 
290340; 2.938 
290350; 3.051 
290360; 2.213 
290370; 2.406 
290380; 2.827 
290390; 7.604 
290395; 1.676 
290400; 2.415 
290405; 1.608 
290410; 3.602 
290420; 1.705 
290430; 2.225 
290440; 1.831 
290450; 2.018 
290460; 10.236 
290470; 3.412 
290475; 2.393 
290480; 959 
290485; 2.121 
290490; 4.158 
290500; 3.957 
290510; 1.378 
290515; 2.317 
290520; 7.645 
290530; 2.257 
290540; 1.222 
290550; 1.958 
290560; 4.508 
290570; 27.486 
290580; 3.717 
290590; 4.142 
290600; 8.981 
290610; 1.505 
290620; 3.533 
290630; 4.788 
290640; 1.405 
290650; 9.541 
290660; 2.485 
290670; 3.832 
290680; 4.787 
290682; 2.119 
290685; 2.336 
290687; 4.184 
290689; 1.923 
290690; 2.741 
290700; 952 
290710; 3.439 
290720; 8.333 
290730; 3.552 
290740; 604 
290750; 6.842 
290755; 1.733 
290760; 2.655 
290770; 1.468 
290780; 5.738 
290790; 2.158 
290800; 3.619 
290810; 2.913 
290820; 2.644 
290830; 2.542 
290840; 8.830 
290850; 4.127 
290860; 2.774 
290870; 3.178 
290880; 742 
290890; 3.298 
290900; 1.660 
290910; 2.456 
290920; 2.186 
290930; 4.420 
290940; 1.957 
290950; 880 
290960; 3.124 
290970; 2.065 
290980; 8.196 
290990; 4.137 
291000; 1.685 
291005; 7.411 
291010; 1.846 
291020; 647 
291030; 1.531 
291040; 2.239 
291050; 4.319 
291060; 3.808 
291070; 9.161 
291072; 13.126 
291075; 2.769 
291077; 954 
291080; 71.956 
291085; 2.479 
291090; 836 
291100; 1.879 
291110; 2.404 
291120; 3.950 
291125; 884 
291130; 1.880 
291140; 1.978 
291150; 979 
291160; 2.684 
291165; 1.389 
291170; 12.478 
291180; 3.385 
291185; 1.974 
291190; 3.683 
291200; 1.685 
291210; 4.143 
291220; 1.180 
291230; 2.607 
291240; 2.713 
291250; 2.399 
291260; 668 
291270; 2.877 
291280; 1.228 
291290; 2.729 
291300; 2.924 
291310; 2.812 
291320; 3.292 
291330; 1.039 
291340; 2.501 
291345; 1.345 
291350; 4.325 
291360; 24.231 
291370; 4.607 
291380; 2.424 
291390; 6.704 
291400; 9.791 
291410; 1.806 
291420; 1.043 
291430; 1.265 
291440; 3.250 
291450; 4.171 
291460; 8.555 
291465; 3.244 
291470; 8.686 
291480; 32.612 
291490; 2.174 
291500; 2.232 
291510; 2.259 
291520; 2.385 
291530; 1.162 
291535; 1.714 
291540; 938 
291550; 3.392 
291560; 9.008 
291570; 1.308 
291580; 3.588 
291590; 650 
291600; 3.658 
291610; 3.042 
291620; 1.448 
291630; 1.454 
291640; 9.074 
291650; 4.093 
291660; 1.495 
291670; 1.347 
291680; 2.920 
291685; 1.713 
291690; 2.124 
291700; 4.982 
291710; 3.321 
291720; 2.941 
291730; 3.342 
291733; 1.287 
291735; 1.389 
291740; 3.006 
291750; 11.265 
291760; 7.527 
291770; 4.947 
291780; 2.099 
291790; 1.153 
291800; 23.090 
291810; 5.710 
291820; 1.863 
291830; 1.999 
291835; 3.050 
291840; 22.080 
291845; 1.399 
291850; 2.339 
291855; 1.006 
291860; 1.606 
291870; 767 
291875; 2.253 
291880; 2.807 
291890; 623 
291900; 522 
291905; 1.392 
291910; 1.252 
291915; 3.471 
291920; 22.411 
291930; 1.088 
291940; 2.237 
291950; 6.917 
291955; 3.968 
291960; 1.816 
291970; 2.484 
291980; 7.400 
291990; 1.121 
291992; 2.238 
291995; 619 
292000; 1.415 
292010; 3.288 
292020; 1.864 
292030; 1.355 
292040; 2.221 
292045; 1.652 
292050; 3.691 
292060; 5.197 
292070; 2.082 
292080; 1.551 
292090; 2.155 
292100; 4.213 
292105; 1.612 
292110; 3.772 
292120; 3.911 
292130; 1.601 
292140; 2.509 
292145; 1.567 
292150; 7.596 
292160; 1.439 
292170; 4.984 
292180; 2.381 
292190; 1.167 
292200; 4.122 
292205; 1.416 
292210; 3.370 
292220; 1.051 
292225; 1.037 
292230; 3.871 
292240; 3.163 
292250; 3.639 
292260; 1.604 
292265; 1.979 
292270; 2.984 
292273; 1.443 
292275; 910 
292280; 1.052 
292285; 1.347 
292290; 4.011 
292300; 5.032 
292303; 1.823 
292305; 1.684 
292310; 3.857 
292320; 3.812 
292330; 1.187 
292335; 2.145 
292340; 3.249 
292350; 1.167 
292360; 3.616 
292370; 4.450 
292380; 4.294 
292390; 1.310 
292400; 15.495 
292405; 2.214 
292410; 1.177 
292420; 1.577 
292430; 3.103 
292440; 4.351 
292450; 2.782 
292460; 2.780 
292465; 1.793 
292467; 1.013 
292470; 2.097 
292480; 3.798 
292490; 1.316 
292500; 4.136 
292510; 7.611 
292520; 3.844 
292525; 2.184 
292530; 12.687 
292540; 1.180 
292550; 3.340 
292560; 2.219 
292570; 2.309 
292575; 2.914 
292580; 4.092 
292590; 4.489 
292593; 1.594 
292595; 3.872 
292600; 5.888 
292610; 2.168 
292620; 3.191 
292630; 6.052 
292640; 5.157 
292650; 2.061 
292660; 7.392 
292665; 734 
292670; 2.673 
292680; 2.531 
292690; 2.238 
292700; 4.794 
292710; 950 
292720; 4.738 
292730; 1.826 
292740; 399.328 
292750; 2.893 
292760; 1.827 
292770; 2.981 
292780; 899 
292790; 1.833 
292800; 5.186 
292805; 1.808 
292810; 5.853 
292820; 4.384 
292830; 1.454 
292840; 4.103 
292850; 1.772 
292860; 8.639 
292870; 11.595 
292880; 6.635 
292890; 2.955 
292895; 1.640 
292900; 1.748 
292905; 1.843 
292910; 2.918 
292920; 3.410 
292925; 2.614 
292930; 4.223 
292935; 950 
292937; 1.769 
292940; 1.545 
292950; 5.692 
292960; 2.325 
292970; 2.347 
292975; 1.848 
292980; 1.903 
292990; 5.708 
293000; 1.555 
293010; 10.862 
293015; 4.163 
293020; 4.097 
293030; 2.672 
293040; 2.532 
293050; 9.595 
293060; 2.097 
293070; 12.275 
293075; 1.398 
293076; 1.626 
293077; 3.234 
293080; 2.141 
293090; 1.828 
293100; 3.454 
293105; 2.624 
293110; 1.327 
293120; 2.302 
293130; 1.645 
293135; 19.023 
293140; 1.167 
293150; 2.773 
293160; 1.423 
293170; 1.859 
293180; 3.308 
293190; 7.916 
293200; 4.278 
293210; 3.167 
293220; 2.829 
293230; 3.648 
293240; 2.359 
293245; 2.027 
293250; 2.616 
293260; 2.824 
293270; 2.975 
293280; 2.365 
293290; 11.340 
293300; 3.736 
293305; 2.391 
293310; 1.611 
293315; 2.021 
293317; 1.225 
293320; 5.949 
293325; 1.140 
293330; 42.281 
293340; 1.328 
293345; 1.706 
293350; 2.221 
293360; 6.053 
310010; 1.269 
310020; 4.740 
310030; 2.516 
310040; 781 
310050; 1.925 
310060; 2.024 
310070; 451 
310080; 867 
310090; 3.198 
310100; 2.131 
310110; 4.877 
310120; 1.369 
310130; 544 
310140; 530 
310150; 6.814 
310160; 14.004 
310163; 1.085 
310170; 6.654 
310180; 1.353 
310190; 3.386 
310200; 2.920 
310205; 873 
310210; 2.288 
310220; 749 
310230; 3.088 
310240; 448 
310250; 986 
310260; 7.619 
310270; 1.602 
310280; 2.489 
310285; 1.069 
310290; 2.043 
310300; 1.383 
310310; 445 
310320; 469 
310330; 524 
310340; 5.697 
310350; 20.952 
310360; 608 
310370; 1.137 
310375; 858 
310380; 698 
310390; 1.263 
310400; 17.277 
310410; 1.685 
310420; 6.918 
310430; 2.706 
310440; 646 
310445; 769 
310450; 2.749 
310460; 2.561 
310470; 2.592 
310480; 860 
310490; 3.794 
310500; 1.562 
310510; 4.936 
310520; 968 
310530; 963 
310540; 4.535 
310550; 1.258 
310560; 24.389 
310570; 1.403 
310590; 3.399 
310600; 1.704 
310610; 658 
310620; 456.999 
310630; 3.611 
310640; 1.538 
310650; 1.694 
310660; 738 
310665; 736 
310670; 51.294 
310680; 761 
310690; 3.193 
310700; 638 
310710; 7.428 
310720; 1.001 
310730; 6.693 
310740; 8.430 
310750; 1.405 
310760; 789 
310770; 1.046 
310780; 2.942 
310790; 1.620 
310800; 3.642 
310810; 1.710 
310820; 1.105 
310825; 1.463 
310830; 4.006 
310840; 3.051 
310850; 869 
310855; 1.713 
310860; 5.129 
310870; 937 
310880; 1.003 
310890; 3.068 
310900; 6.232 
310910; 2.323 
310920; 1.728 
310925; 742 
310930; 3.185 
310940; 3.312 
310945; 975 
310950; 2.305 
310960; 769 
310970; 2.305 
310980; 415 
310990; 2.129 
311000; 7.647 
311010; 750 
311020; 856 
311030; 3.164 
311040; 562 
311050; 3.732 
311060; 5.826 
311070; 2.649 
311080; 618 
311090; 2.923 
311100; 4.091 
311110; 3.983 
311115; 719 
311120; 11.129 
311130; 2.296 
311140; 922 
311150; 2.155 
311160; 4.927 
311170; 934 
311180; 1.799 
311190; 1.223 
311200; 3.224 
311205; 717 
311210; 663 
311220; 998 
311230; 4.125 
311240; 1.324 
311250; 1.699 
311260; 2.614 
311265; 885 
311270; 1.821 
311280; 1.627 
311290; 1.556 
311300; 3.764 
311310; 632 
311320; 4.311 
311330; 6.449 
311340; 14.787 
311350; 1.367 
311360; 1.235 
311370; 3.619 
311380; 435 
311390; 1.915 
311400; 2.114 
311410; 2.253 
311420; 3.365 
311430; 5.812 
311440; 3.791 
311450; 3.048 
311455; 1.710 
311460; 850 
311470; 795 
311480; 979 
311490; 388 
311500; 617 
311510; 3.593 
311520; 707 
311530; 14.963 
311535; 768 
311540; 573 
311545; 848 
311547; 822 
311550; 4.826 
311560; 286 
311570; 1.315 
311580; 2.019 
311590; 689 
311600; 1.112 
311610; 1.721 
311615; 1.315 
311620; 533 
311630; 1.188 
311640; 800 
311650; 1.442 
311660; 3.926 
311670; 1.405 
311680; 1.367 
311690; 458 
311700; 1.385 
311710; 1.776 
311720; 571 
311730; 2.660 
311740; 863 
311750; 2.735 
311760; 1.055 
311770; 2.417 
311780; 1.731 
311783; 1.310 
311787; 993 
311790; 2.354 
311800; 7.798 
311810; 866 
311820; 1.219 
311830; 21.378 
311840; 4.158 
311850; 394 
311860; 93.489 
311870; 1.821 
311880; 4.110 
311890; 1.907 
311900; 608 
311910; 4.392 
311920; 1.899 
311930; 5.154 
311940; 18.010 
311950; 1.633 
311960; 616 
311970; 625 
311980; 788 
311990; 1.019 
311995; 1.014 
312000; 471 
312010; 761 
312015; 948 
312020; 2.084 
312030; 551 
312040; 712 
312050; 1.870 
312060; 989 
312070; 562 
312080; 3.003 
312083; 763 
312087; 1.135 
312090; 13.114 
312100; 822 
312110; 1.333 
312120; 1.151 
312125; 715 
312130; 971 
312140; 1.575 
312150; 612 
312160; 6.799 
312170; 851 
312180; 1.584 
312190; 611 
312200; 3.153 
312210; 1.022 
312220; 1.216 
312230; 39.165 
312235; 829 
312240; 1.018 
312245; 1.623 
312247; 605 
312250; 1.227 
312260; 794 
312270; 1.384 
312280; 611 
312290; 1.073 
312300; 1.687 
312310; 907 
312320; 3.208 
312330; 918 
312340; 270 
312350; 356 
312352; 1.058 
312360; 4.774 
312370; 1.712 
312380; 1.200 
312385; 1.006 
312390; 2.881 
312400; 3.179 
312410; 10.016 
312420; 4.000 
312430; 5.316 
312440; 952 
312450; 2.127 
312460; 546 
312470; 822 
312480; 1.284 
312490; 2.199 
312500; 548 
312510; 5.065 
312520; 595 
312530; 701 
312540; 826 
312550; 469 
312560; 1.373 
312570; 2.734 
312580; 650 
312590; 1.948 
312595; 1.447 
312600; 1.355 
312610; 12.984 
312620; 1.090 
312630; 795 
312640; 504 
312650; 1.959 
312660; 786 
312670; 3.939 
312675; 906 
312680; 958 
312690; 1.506 
312695; 463 
312700; 2.142 
312705; 910 
312707; 909 
312710; 9.246 
312720; 745 
312730; 1.244 
312733; 889 
312735; 556 
312737; 598 
312738; 869 
312740; 820 
312750; 937 
312760; 2.190 
312770; 45.532 
312780; 1.988 
312790; 283 
312800; 5.301 
312810; 2.585 
312820; 2.282 
312825; 765 
312830; 3.296 
312840; 1.785 
312850; 743 
312860; 954 
312870; 9.773 
312880; 1.413 
312890; 1.427 
312900; 1.786 
312910; 1.393 
312920; 1.222 
312930; 1.878 
312940; 861 
312950; 3.824 
312960; 1.189 
312965; 858 
312970; 1.945 
312980; 19.684 
312990; 708 
313000; 535 
313005; 1.382 
313010; 5.897 
313020; 1.329 
313030; 1.622 
313040; 1.053 
313050; 2.063 
313055; 1.076 
313060; 1.267 
313065; 1.248 
313070; 877 
313080; 449 
313090; 4.514 
313100; 1.035 
313110; 1.299 
313115; 2.409 
313120; 3.868 
313130; 43.515 
313140; 836 
313150; 1.695 
313160; 1.054 
313170; 19.066 
313180; 1.826 
313190; 7.712 
313200; 802 
313210; 2.298 
313220; 2.418 
313230; 1.440 
313240; 16.803 
313250; 4.172 
313260; 888 
313270; 3.935 
313280; 437 
313290; 2.092 
313300; 2.470 
313310; 2.553 
313320; 2.214 
313330; 3.771 
313340; 2.491 
313350; 4.984 
313360; 1.641 
313370; 1.626 
313375; 3.049 
313380; 15.177 
313390; 975 
313400; 2.451 
313410; 1.188 
313420; 19.333 
313430; 1.195 
313440; 5.456 
313450; 720 
313460; 3.875 
313470; 2.461 
313480; 1.629 
313490; 3.920 
313500; 592 
313505; 3.704 
313507; 864 
313510; 9.464 
313520; 10.060 
313530; 568 
313535; 1.256 
313540; 931 
313545; 898 
313550; 2.477 
313560; 1.347 
313570; 1.009 
313580; 4.410 
313590; 940 
313600; 2.640 
313610; 1.073 
313620; 14.511 
313630; 6.352 
313640; 909 
313650; 1.912 
313652; 415 
313655; 803 
313657; 607 
313660; 1.005 
313665; 3.732 
313670; 107.853 
313680; 661 
313690; 1.590 
313695; 825 
313700; 2.320 
313710; 1.687 
313720; 7.544 
313730; 638 
313740; 1.882 
313750; 3.568 
313753; 1.346 
313760; 9.950 
313770; 3.171 
313780; 3.964 
313790; 672 
313800; 1.542 
313810; 963 
313820; 17.744 
313830; 644 
313835; 635 
313840; 10.412 
313850; 1.082 
313860; 3.232 
313862; 1.094 
313865; 1.571 
313867; 936 
313868; 863 
313870; 940 
313880; 3.481 
313890; 1.358 
313900; 6.623 
313910; 1.004 
313920; 3.288 
313925; 1.384 
313930; 2.831 
313940; 12.163 
313950; 3.660 
313960; 5.015 
313970; 1.047 
313980; 2.280 
313990; 2.439 
314000; 7.852 
314010; 671 
314015; 1.891 
314020; 615 
314030; 773 
314040; 520 
314050; 2.338 
314053; 1.215 
314055; 1.347 
314060; 797 
314070; 4.881 
314080; 2.819 
314085; 1.217 
314090; 2.507 
314100; 2.221 
314110; 5.008 
314120; 912 
314130; 582 
314140; 3.533 
314150; 1.219 
314160; 2.168 
314170; 1.193 
314180; 3.675 
314190; 726 
314200; 2.305 
314210; 1.793 
314220; 2.821 
314225; 748 
314230; 1.038 
314240; 1.326 
314250; 389 
314260; 1.558 
314270; 2.680 
314280; 4.148 
314290; 4.211 
314300; 2.404 
314310; 7.364 
314315; 688 
314320; 4.484 
314330; 53.103 
314340; 3.692 
314345; 1.100 
314350; 1.578 
314360; 446 
314370; 652 
314380; 992 
314390; 19.132 
314400; 4.791 
314410; 4.155 
314420; 557 
314430; 7.049 
314435; 992 
314437; 461 
314440; 1.130 
314450; 1.537 
314460; 4.995 
314465; 1.703 
314467; 510 
314470; 3.135 
314480; 14.447 
314490; 671 
314500; 1.560 
314505; 1.017 
314510; 2.485 
314520; 5.775 
314530; 4.018 
314535; 1.893 
314537; 912 
314540; 378 
314545; 644 
314550; 572 
314560; 7.652 
314570; 387 
314580; 468 
314585; 821 
314587; 1.079 
314590; 5.609 
314600; 6.726 
314610; 11.491 
314620; 997 
314625; 676 
314630; 3.218 
314640; 1.124 
314650; 1.648 
314655; 914 
314660; 407 
314670; 1.469 
314675; 1.238 
314690; 1.816 
314700; 10.608 
314710; 14.190 
314720; 4.219 
314730; 3.558 
314740; 3.443 
314750; 388 
314760; 2.939 
314770; 1.699 
314780; 422 
314790; 19.620 
314795; 832 
314800; 26.799 
314810; 13.687 
314820; 1.212 
314830; 1.721 
314840; 919 
314850; 1.648 
314860; 2.620 
314870; 3.847 
314875; 834 
314880; 763 
314890; 786 
314900; 373 
314910; 2.065 
314915; 1.716 
314920; 586 
314930; 10.838 
314940; 272 
314950; 679 
314960; 825 
314970; 1.299 
314980; 1.825 
314990; 4.024 
314995; 1.059 
315000; 760 
315010; 665 
315015; 1.115 
315020; 678 
315030; 1.139 
315040; 968 
315050; 1.518 
315053; 743 
315057; 1.104 
315060; 1.306 
315070; 533 
315080; 2.857 
315090; 1.045 
315100; 1.506 
315110; 1.893 
315120; 7.971 
315130; 2.217 
315140; 4.254 
315150; 6.603 
315160; 1.425 
315170; 3.406 
315180; 30.747 
315190; 1.968 
315200; 4.463 
315210; 10.848 
315213; 599 
315217; 1.828 
315220; 6.492 
315230; 2.027 
315240; 2.915 
315250; 23.622 
315260; 1.293 
315270; 1.449 
315280; 4.144 
315290; 2.123 
315300; 784 
315310; 1.105 
315320; 688 
315330; 446 
315340; 3.430 
315350; 1.616 
315360; 1.470 
315370; 583 
315380; 478 
315390; 2.475 
315400; 5.034 
315410; 2.480 
315415; 1.034 
315420; 2.217 
315430; 3.473 
315440; 831 
315445; 1.267 
315450; 1.238 
315460; 39.378 
315470; 904 
315480; 1.375 
315490; 2.576 
315500; 503 
315510; 934 
315520; 1.104 
315530; 1.136 
315540; 1.779 
315550; 1.840 
315560; 3.889 
315570; 2.770 
315580; 3.503 
315590; 1.096 
315600; 2.169 
315610; 1.051 
315620; 403 
315630; 1.083 
315640; 604 
315645; 864 
315650; 1.148 
315660; 2.123 
315670; 19.456 
315680; 2.744 
315690; 4.218 
315700; 7.283 
315710; 1.136 
315720; 4.330 
315725; 1.344 
315727; 485 
315730; 802 
315733; 1.245 
315737; 842 
315740; 990 
315750; 739 
315760; 552 
315765; 911 
315770; 1.626 
315780; 28.617 
315790; 2.301 
315800; 1.756 
315810; 1.086 
315820; 2.447 
315830; 1.230 
315840; 974 
315850; 1.639 
315860; 717 
315870; 477 
315880; 981 
315890; 1.383 
315895; 4.229 
315900; 684 
315910; 770 
315920; 2.055 
315930; 1.148 
315935; 1.202 
315940; 657 
315950; 969 
315960; 6.255 
315970; 554 
315980; 3.542 
315990; 3.074 
316000; 799 
316010; 771 
316020; 547 
316030; 2.396 
316040; 4.370 
316045; 998 
316050; 323 
316060; 654 
316070; 8.951 
316080; 590 
316090; 670 
316095; 704 
316100; 3.665 
316105; 474 
316110; 7.650 
316120; 1.219 
316130; 841 
316140; 943 
316150; 2.088 
316160; 728 
316165; 589 
316170; 1.146 
316180; 1.939 
316190; 1.561 
316200; 4.530 
316210; 4.800 
316220; 1.425 
316225; 712 
316230; 561 
316240; 3.745 
316245; 1.102 
316250; 16.765 
316255; 1.461 
316257; 1.048 
316260; 1.421 
316265; 679 
316270; 3.602 
316280; 2.809 
316290; 5.185 
316292; 3.693 
316294; 1.186 
316295; 3.315 
316300; 440 
316310; 753 
316320; 751 
316330; 610 
316340; 1.140 
316350; 1.083 
316360; 445 
316370; 9.454 
316380; 1.356 
316390; 1.059 
316400; 1.507 
316410; 1.042 
316420; 1.194 
316430; 1.244 
316440; 937 
316443; 529 
316447; 968 
316450; 1.607 
316460; 1.036 
316470; 12.340 
316480; 362 
316490; 420 
316500; 1.965 
316510; 1.387 
316520; 862 
316530; 1.325 
316540; 1.132 
316550; 901 
316553; 3.481 
316555; 1.379 
316556; 662 
316557; 635 
316560; 298 
316570; 1.675 
316580; 400 
316590; 724 
316600; 1.023 
316610; 636 
316620; 1.941 
316630; 1.093 
316640; 351 
316650; 549 
316660; 162 
316670; 1.410 
316680; 1.359 
316690; 1.441 
316695; 819 
316700; 289 
316710; 3.088 
316720; 35.940 
316730; 452 
316740; 1.310 
316750; 428 
316760; 2.697 
316770; 1.141 
316780; 1.136 
316790; 886 
316800; 5.251 
316805; 751 
316810; 699 
316820; 397 
316830; 681 
316840; 2.778 
316850; 2.438 
316860; 22.590 
316870; 14.818 
316880; 1.235 
316890; 1.471 
316900; 3.035 
316905; 884 
316910; 1.136 
316920; 1.783 
316930; 11.971 
316935; 4.748 
316940; 9.397 
316950; 989 
316960; 4.976 
316970; 2.550 
316980; 862 
316990; 16.950 
317000; 1.675 
317005; 2.156 
317010; 56.022 
317020; 103.755 
317030; 441 
317040; 11.460 
317043; 648 
317047; 543 
317050; 1.627 
317052; 1.816 
317057; 1.310 
317060; 460 
317065; 664 
317070; 22.072 
317075; 694 
317080; 5.381 
317090; 2.701 
317100; 3.129 
317103; 806 
317107; 853 
317110; 697 
317115; 792 
317120; 14.143 
317130; 13.579 
317140; 770 
317150; 503 
317160; 2.401 
317170; 1.617 
317180; 1.988 
317190; 1.064 
317200; 6.846 
317210; 917 
317220; 477 
320010; 5.417 
320013; 1.512 
320016; 1.957 
320020; 5.611 
320030; 2.854 
320035; 1.194 
320040; 4.372 
320050; 1.458 
320060; 12.446 
320070; 1.918 
320080; 5.520 
320090; 6.771 
320100; 2.344 
320110; 1.879 
320115; 1.336 
320120; 32.729 
320130; 49.988 
320140; 6.893 
320150; 20.144 
320160; 3.879 
320170; 2.169 
320180; 636 
320190; 5.264 
320200; 943 
320210; 3.797 
320220; 3.645 
320225; 1.922 
320230; 5.580 
320240; 20.010 
320245; 3.797 
320250; 1.973 
320255; 1.231 
320260; 2.483 
320265; 1.859 
320270; 3.134 
320280; 5.065 
320290; 2.132 
320300; 3.943 
320305; 3.520 
320310; 2.318 
320313; 3.133 
320316; 2.241 
320320; 20.416 
320330; 2.641 
320332; 6.393 
320334; 2.501 
320335; 2.316 
320340; 4.726 
320350; 3.198 
320360; 981 
320370; 2.834 
320380; 2.776 
320390; 7.688 
320400; 3.582 
320405; 3.064 
320410; 3.855 
320420; 3.330 
320425; 1.353 
320430; 1.680 
320435; 2.885 
320440; 2.116 
320450; 2.084 
320455; 5.176 
320460; 4.544 
320465; 1.433 
320470; 5.454 
320480; 2.210 
320490; 16.853 
320495; 2.267 
320500; 59.245 
320501; 2.783 
320503; 3.037 
320506; 3.790 
320510; 9.218 
320515; 1.357 
320517; 1.866 
320520; 77.640 
320530; 64.483 
330010; 25.216 
330015; 2.261 
330020; 25.391 
330022; 2.228 
330023; 4.325 
330025; 5.584 
330030; 19.152 
330040; 33.317 
330045; 68.189 
330050; 4.911 
330060; 7.351 
330070; 37.267 
330080; 9.733 
330090; 3.447 
330093; 2.406 
330095; 1.591 
330100; 78.989 
330110; 3.964 
330115; 2.555 
330120; 3.527 
330130; 6.382 
330140; 3.722 
330150; 4.187 
330160; 1.855 
330170; 128.669 
330180; 2.643 
330185; 8.228 
330187; 6.142 
330190; 35.883 
330200; 17.683 
330205; 3.364 
330210; 5.127 
330220; 19.510 
330225; 5.020 
330227; 11.746 
330230; 1.374 
330240; 26.468 
330245; 978 
330250; 35.846 
330260; 6.906 
330270; 28.187 
330280; 3.898 
330285; 28.461 
330290; 5.918 
330300; 5.345 
330310; 3.163 
330320; 29.404 
330330; 118.249 
330340; 39.261 
330350; 121.011 
330360; 8.409 
330370; 8.034 
330380; 5.776 
330385; 4.961 
330390; 59.015 
330395; 4.313 
330400; 5.316 
330410; 3.286 
330411; 2.524 
330412; 2.340 
330414; 19.668 
330415; 3.526 
330420; 20.995 
330430; 9.848 
330440; 3.135 
330450; 1.501 
330452; 16.342 
330455; 1.277.147 
330460; 2.114 
330470; 8.435 
330475; 7.046 
330480; 7.640 
330490; 181.304 
330500; 6.264 
330510; 75.259 
330513; 1.383 
330515; 3.366 
330520; 15.967 
330530; 1.854 
330540; 3.160 
330550; 16.002 
330555; 12.086 
330560; 3.332 
330570; 2.476 
330575; 5.045 
330580; 33.534 
330590; 2.026 
330600; 14.332 
330610; 15.677 
330615; 1.393 
330620; 6.760 
330630; 54.471 
350010; 7.956 
350020; 797 
350030; 5.399 
350040; 2.004 
350050; 3.728 
350055; 1.159 
350060; 1.001 
350070; 5.915 
350075; 907 
350080; 1.076 
350090; 497 
350100; 3.195 
350110; 980 
350115; 2.330 
350120; 936 
350130; 4.650 
350140; 705 
350150; 518 
350160; 42.796 
350170; 4.586 
350180; 1.318 
350190; 13.870 
350200; 984 
350210; 11.120 
350220; 3.952 
350230; 972 
350240; 715 
350250; 6.107 
350260; 1.068 
350270; 4.018 
350275; 2.363 
350280; 37.438 
350290; 5.591 
350300; 1.039 
350310; 1.122 
350315; 419 
350320; 43.384 
350330; 23.143 
350335; 388 
350340; 1.985 
350350; 584 
350360; 1.255 
350370; 1.544 
350380; 7.602 
350390; 12.273 
350395; 375 
350400; 19.280 
350410; 25.590 
350420; 3.059 
350430; 809 
350440; 1.478 
350450; 15.579 
350460; 2.881 
350470; 177 
350480; 1.890 
350490; 1.952 
350500; 658 
350510; 1.198 
350520; 6.434 
350530; 7.142 
350535; 862 
350540; 1.390 
350550; 21.190 
350560; 3.327 
350570; 33.127 
350580; 3.678 
350590; 11.603 
350600; 66.789 
350610; 14.887 
350620; 438 
350630; 2.287 
350635; 6.690 
350640; 1.630 
350650; 21.251 
350660; 4.761 
350670; 1.971 
350680; 1.840 
350690; 2.201 
350700; 7.812 
350710; 3.324 
350715; 410 
350720; 114 
350730; 776 
350740; 2.937 
350745; 393 
350750; 25.472 
350760; 28.943 
350770; 1.073 
350775; 477 
350780; 4.023 
350790; 3.877 
350800; 2.753 
350810; 3.140 
350820; 856 
350830; 697 
350840; 5.434 
350850; 15.547 
350860; 5.726 
350870; 3.651 
350880; 3.381 
350890; 821 
350900; 12.260 
350910; 1.121 
350920; 7.522 
350925; 4.126 
350930; 1.983 
350940; 4.179 
350945; 941 
350950; 205.802 
350960; 11.881 
350970; 6.757 
350980; 833 
350990; 2.228 
350995; 547 
351000; 5.895 
351010; 640 
351015; 581 
351020; 7.280 
351030; 2.752 
351040; 7.726 
351050; 18.771 
351060; 49.682 
351070; 2.541 
351080; 5.215 
351090; 555 
351100; 3.306 
351110; 24.014 
351120; 1.249 
351130; 1.957 
351140; 3.310 
351150; 7.785 
351160; 2.570 
351170; 2.486 
351190; 1.086 
351200; 3.193 
351210; 918 
351220; 3.791 
351230; 3.275 
351240; 3.752 
351250; 1.039 
351260; 889 
351270; 701 
351280; 8.700 
351290; 1.738 
351300; 30.799 
351310; 5.472 
351320; 1.418 
351330; 456 
351340; 14.117 
351350; 15.305 
351360; 3.896 
351370; 6.405 
351380; 51.642 
351385; 393 
351390; 2.421 
351400; 989 
351410; 4.280 
351420; 504 
351430; 1.849 
351440; 9.783 
351450; 2.647 
351460; 1.328 
351470; 1.277 
351480; 2.444 
351490; 2.478 
351492; 614 
351495; 477 
351500; 30.068 
351510; 9.582 
351512; 670 
351515; 1.885 
351518; 8.356 
351519; 614 
351520; 1.755 
351530; 400 
351535; 1.423 
351540; 3.032 
351550; 14.898 
351560; 1.364 
351565; 315 
351570; 21.167 
351580; 393 
351590; 815 
351600; 2.134 
351610; 574 
351620; 56.640 
351630; 18.681 
351640; 16.643 
351650; 622 
351660; 1.460 
351670; 8.265 
351680; 697 
351685; 640 
351690; 2.230 
351700; 1.850 
351710; 814 
351720; 1.820 
351730; 1.009 
351740; 6.667 
351750; 3.627 
351760; 3.035 
351770; 2.960 
351780; 1.857 
351790; 1.711 
351800; 424 
351810; 1.032 
351820; 6.265 
351830; 4.687 
351840; 21.730 
351850; 1.865 
351860; 4.971 
351870; 43.718 
351880; 169.652 
351885; 1.243 
351890; 865 
351900; 1.605 
351905; 2.051 
351907; 27.908 
351910; 1.865 
351920; 1.325 
351925; 997 
351930; 4.035 
351940; 2.312 
351950; 1.224 
351960; 9.425 
351970; 11.820 
351980; 1.132 
351990; 1.511 
352000; 3.623 
352010; 4.946 
352020; 1.647 
352030; 6.330 
352040; 4.023 
352042; 2.712 
352044; 5.780 
352050; 35.797 
352060; 903 
352070; 986 
352080; 751 
352090; 2.311 
352100; 4.330 
352110; 957 
352115; 1.106 
352120; 656 
352130; 2.036 
352140; 3.467 
352150; 1.264 
352160; 1.403 
352170; 3.001 
352180; 3.661 
352190; 3.469 
352200; 595 
352210; 20.397 
352215; 688 
352220; 19.434 
352230; 24.438 
352240; 12.993 
352250; 23.096 
352260; 14.161 
352265; 537 
352270; 7.940 
352280; 2.962 
352290; 2.051 
352300; 747 
352310; 37.934 
352320; 7.913 
352330; 2.482 
352340; 18.289 
352350; 2.493 
352360; 2.172 
352370; 1.049 
352380; 1.321 
352390; 25.454 
352400; 6.302 
352410; 7.791 
352420; 1.136 
352430; 14.377 
352440; 37.524 
352450; 910 
352460; 2.797 
352470; 8.352 
352480; 10.748 
352490; 931 
352500; 13.237 
352510; 6.619 
352520; 4.506 
352530; 24.969 
352540; 430 
352550; 2.559 
352560; 594 
352570; 6.138 
352580; 803 
352585; 449 
352590; 74.289 
352600; 3.867 
352610; 3.512 
352620; 4.307 
352630; 1.099 
352640; 5.223 
352650; 897 
352660; 851 
352670; 14.941 
352680; 10.218 
352690; 51.017 
352700; 1.292 
352710; 14.117 
352720; 15.113 
352725; 487 
352730; 4.568 
352740; 3.873 
352750; 556 
352760; 1.570 
352770; 878 
352780; 768 
352790; 520 
352800; 2.739 
352810; 1.762 
352820; 873 
352830; 740 
352840; 7.112 
352850; 13.446 
352860; 1.702 
352870; 639 
352880; 2.366 
352885; 607 
352890; 685 
352900; 44.917 
352910; 411 
352920; 4.588 
352930; 14.603 
352940; 60.448 
352950; 928 
352960; 766 
352965; 355 
352970; 3.124 
352980; 2.231 
352990; 3.154 
353000; 790 
353010; 5.515 
353020; 3.366 
353030; 10.639 
353040; 1.025 
353050; 13.106 
353060; 64.442 
353070; 25.296 
353080; 16.954 
353090; 524 
353100; 497 
353110; 11.207 
353120; 1.590 
353130; 9.974 
353140; 4.462 
353150; 3.685 
353160; 976 
353170; 948 
353180; 7.626 
353190; 3.878 
353200; 2.136 
353205; 765 
353210; 1.090 
353215; 386 
353220; 626 
353230; 1.449 
353240; 3.240 
353250; 2.096 
353260; 2.673 
353270; 651 
353280; 1.323 
353282; 978 
353284; 500 
353286; 237 
353290; 1.533 
353300; 3.638 
353310; 547 
353320; 453 
353325; 533 
353330; 666 
353340; 9.260 
353350; 7.299 
353360; 1.286 
353370; 785 
353380; 618 
353390; 10.268 
353400; 691 
353410; 1.265 
353420; 748 
353430; 7.092 
353440; 99.893 
353450; 680 
353460; 7.259 
353470; 20.263 
353475; 1.654 
353480; 1.461 
353490; 2.561 
353500; 2.360 
353510; 1.103 
353520; 2.268 
353530; 4.674 
353540; 2.378 
353550; 7.450 
353560; 3.130 
353570; 1.235 
353580; 2.693 
353590; 820 
353600; 2.413 
353610; 1.030 
353620; 3.200 
353625; 539 
353630; 2.261 
353640; 972 
353650; 13.159 
353657; 321 
353660; 1.509 
353670; 6.874 
353680; 1.095 
353690; 598 
353700; 2.599 
353710; 7.357 
353715; 571 
353720; 1.975 
353730; 12.631 
353740; 4.725 
353750; 1.312 
353760; 13.625 
353770; 1.082 
353780; 9.442 
353790; 4.754 
353800; 25.753 
353810; 3.197 
353820; 3.140 
353830; 715 
353850; 2.714 
353860; 4.880 
353870; 68.785 
353880; 5.698 
353890; 4.645 
353900; 2.283 
353910; 1.898 
353920; 4.673 
353930; 14.290 
353940; 2.721 
353950; 4.796 
353960; 664 
353970; 595 
353980; 15.131 
353990; 1.164 
354000; 4.087 
354010; 848 
354020; 4.315 
354025; 712 
354030; 499 
354040; 1.017 
354050; 2.123 
354060; 8.368 
354070; 9.622 
354075; 2.233 
354080; 3.201 
354085; 241 
354090; 2.830 
354100; 53.595 
354105; 631 
354110; 808 
354120; 3.080 
354130; 7.338 
354140; 42.504 
354150; 7.942 
354160; 6.354 
354165; 627 
354170; 2.077 
354180; 444 
354190; 1.841 
354200; 1.237 
354210; 1.459 
354220; 5.394 
354230; 704 
354240; 3.710 
354250; 1.051 
354260; 9.353 
354270; 997 
354280; 625 
354290; 2.002 
354300; 2.113 
354310; 561 
354320; 956 
354323; 514 
354325; 1.235 
354330; 20.425 
354340; 118.275 
354350; 1.130 
354360; 745 
354370; 1.699 
354380; 2.091 
354390; 35.579 
354400; 4.260 
354410; 6.092 
354420; 1.486 
354425; 3.418 
354430; 1.571 
354440; 432 
354450; 800 
354460; 1.197 
354470; 540 
354480; 1.368 
354490; 2.209 
354500; 2.683 
354510; 935 
354515; 1.574 
354520; 18.226 
354530; 7.120 
354540; 1.718 
354550; 642 
354560; 2.699 
354570; 1.330 
354580; 32.482 
354600; 2.691 
354610; 443 
354620; 931 
354625; 396 
354630; 4.726 
354640; 8.947 
354650; 734 
354660; 6.809 
354670; 2.559 
354680; 8.823 
354690; 1.191 
354700; 816 
354710; 516 
354720; 448 
354730; 18.797 
354740; 673 
354750; 6.488 
354760; 4.852 
354765; 357 
354770; 4.193 
354780; 132.329 
354790; 1.464 
354800; 3.217 
354805; 1.259 
354810; 1.184 
354820; 1.145 
354830; 645 
354840; 705 
354850; 105.329 
354860; 2.121 
354870; 129.080 
354880; 39.211 
354890; 44.158 
354900; 668 
354910; 18.114 
354920; 485 
354925; 367 
354930; 591 
354940; 8.393 
354950; 1.211 
354960; 704 
354970; 11.438 
354980; 86.477 
354990; 111.052 
354995; 2.340 
355000; 2.059 
355010; 6.656 
355020; 5.025 
355030; 1.983.144 
355040; 7.306 
355050; 1.368 
355060; 15.889 
355070; 10.611 
355080; 2.206 
355090; 2.873 
355100; 56.543 
355110; 1.542 
355120; 661 
355130; 664 
355140; 1.515 
355150; 5.015 
355160; 6.555 
355170; 17.569 
355180; 2.122 
355190; 2.343 
355200; 1.078 
355210; 8.960 
355220; 103.946 
355230; 1.339 
355240; 35.353 
355250; 38.979 
355255; 682 
355260; 2.362 
355270; 2.435 
355280; 34.927 
355290; 1.028 
355300; 1.697 
355310; 1.110 
355320; 1.229 
355330; 4.269 
355340; 5.271 
355350; 1.185 
355360; 2.415 
355365; 558 
355370; 10.452 
355380; 3.854 
355385; 659 
355390; 1.091 
355395; 1.900 
355400; 18.407 
355410; 49.855 
355420; 705 
355430; 3.112 
355440; 1.569 
355450; 6.904 
355460; 577 
355465; 479 
355470; 2.013 
355475; 287 
355480; 6.669 
355490; 1.323 
355495; 1.460 
355500; 14.577 
355510; 3.440 
355520; 477 
355530; 477 
355535; 761 
355540; 13.560 
355550; 872 
355560; 2.067 
355570; 284 
355580; 2.037 
355590; 230 
355600; 2.963 
355610; 2.143 
355620; 21.434 
355630; 3.253 
355635; 1.890 
355640; 7.034 
355645; 7.444 
355650; 15.303 
355660; 2.233 
355670; 12.548 
355680; 3.184 
355690; 1.077 
355695; 371 
355700; 16.680 
355710; 18.497 
355715; 538 
355720; 2.126 
355730; 1.632 
410010; 1.463 
410020; 1.101 
410030; 1.409 
410040; 12.744 
410045; 335 
410050; 4.090 
410060; 2.472 
410070; 1.802 
410080; 2.164 
410090; 767 
410100; 2.918 
410105; 596 
410110; 3.965 
410115; 494 
410120; 3.443 
410130; 1.342 
410140; 23.035 
410150; 19.403 
410160; 3.728 
410165; 718 
410170; 2.509 
410180; 15.956 
410185; 467 
410190; 3.054 
410200; 6.729 
410210; 5.196 
410220; 847 
410230; 1.785 
410240; 5.920 
410250; 2.449 
410260; 1.762 
410270; 644 
410275; 768 
410280; 3.295 
410290; 2.089 
410300; 857 
410302; 404 
410304; 819 
410305; 1.486 
410310; 1.616 
410315; 844 
410320; 1.108 
410322; 654 
410330; 1.538 
410335; 967 
410337; 528 
410340; 458 
410345; 2.270 
410347; 857 
410350; 1.552 
410360; 4.741 
410370; 17.971 
410380; 1.509 
410390; 2.798 
410395; 540 
410400; 5.042 
410405; 624 
410410; 929 
410420; 17.185 
410425; 3.462 
410430; 15.269 
410440; 2.456 
410442; 2.062 
410445; 1.900 
410450; 3.677 
410460; 2.779 
410465; 2.321 
410470; 2.577 
410480; 45.166 
410490; 8.884 
410500; 1.526 
410510; 1.987 
410520; 2.468 
410530; 2.059 
410540; 3.446 
410550; 12.301 
410560; 1.782 
410570; 2.907 
410580; 27.178 
410590; 4.721 
410600; 1.563 
410610; 694 
410620; 2.564 
410630; 2.935 
410640; 9.931 
410645; 803 
410650; 4.035 
410655; 678 
410657; 740 
410660; 3.998 
410670; 807 
410680; 2.606 
410685; 565 
410690; 318.659 
410700; 2.296 
410710; 1.103 
410712; 441 
410715; 865 
410720; 6.038 
410725; 1.368 
410730; 1.396 
410740; 1.068 
410750; 2.540 
410752; 389 
410753; 816 
410754; 804 
410755; 565 
410760; 2.962 
410765; 9.844 
410770; 978 
410773; 764 
410775; 1.518 
410780; 1.174 
410785; 833 
410790; 1.196 
410800; 1.680 
410810; 496 
410820; 1.644 
410830; 35.997 
410832; 1.317 
410840; 13.441 
410845; 680 
410850; 1.738 
410855; 697 
410860; 5.473 
410865; 1.004 
410870; 1.051 
410880; 5.280 
410890; 1.127 
410895; 1.165 
410900; 646 
410910; 430 
410920; 988 
410930; 2.370 
410940; 24.470 
410950; 1.160 
410960; 6.438 
410965; 825 
410970; 4.868 
410975; 1.018 
410980; 9.466 
410990; 1.682 
411000; 677 
411005; 435 
411007; 1.647 
411010; 3.953 
411020; 1.306 
411030; 547 
411040; 912 
411050; 1.849 
411060; 3.000 
411065; 446 
411070; 9.263 
411080; 1.889 
411090; 778 
411095; 1.923 
411100; 1.372 
411110; 1.098 
411120; 2.146 
411125; 2.540 
411130; 548 
411140; 1.820 
411150; 6.322 
411155; 1.277 
411160; 580 
411170; 977 
411180; 6.528 
411190; 2.307 
411200; 4.199 
411210; 4.293 
411220; 1.213 
411230; 963 
411240; 1.955 
411250; 2.461 
411260; 215 
411270; 1.990 
411275; 1.894 
411280; 1.934 
411290; 663 
411295; 1.361 
411300; 1.204 
411310; 1.013 
411320; 7.307 
411325; 678 
411330; 5.218 
411340; 889 
411342; 839 
411345; 981 
411350; 3.736 
411360; 805 
411370; 102.577 
411373; 1.096 
411375; 1.033 
411380; 936 
411390; 2.257 
411400; 2.389 
411410; 3.755 
411420; 6.794 
411430; 3.762 
411435; 434 
411440; 2.416 
411450; 2.161 
411460; 9.065 
411470; 1.063 
411480; 6.556 
411490; 1.535 
411500; 1.369 
411510; 1.623 
411520; 73.495 
411530; 1.204 
411535; 1.235 
411540; 2.569 
411545; 741 
411550; 914 
411560; 2.754 
411570; 6.889 
411573; 593 
411575; 1.190 
411580; 7.151 
411585; 1.029 
411590; 359 
411600; 464 
411605; 2.287 
411610; 2.567 
411620; 2.691 
411630; 824 
411640; 707 
411650; 206 
411660; 596 
411670; 2.157 
411680; 1.019 
411690; 5.239 
411695; 872 
411700; 1.525 
411705; 1.601 
411710; 2.223 
411720; 1.126 
411721; 864 
411722; 1.656 
411725; 1.846 
411727; 1.142 
411729; 618 
411730; 3.376 
411740; 676 
411745; 1.019 
411750; 5.883 
411760; 5.021 
411770; 4.874 
411780; 2.142 
411790; 5.439 
411800; 2.003 
411810; 1.568 
411820; 18.637 
411830; 410 
411840; 16.002 
411845; 954 
411850; 12.742 
411860; 944 
411870; 1.242 
411880; 2.404 
411885; 1.079 
411890; 2.247 
411900; 1.409 
411910; 1.560 
411915; 16.435 
411920; 1.195 
411925; 467 
411930; 3.923 
411940; 3.727 
411950; 10.782 
411960; 4.666 
411965; 498 
411970; 751 
411980; 2.818 
411990; 48.452 
411995; 5.420 
412000; 2.522 
412010; 736 
412015; 580 
412020; 413 
412030; 726 
412033; 628 
412035; 1.103 
412040; 766 
412050; 2.457 
412060; 7.926 
412065; 817 
412070; 1.531 
412080; 2.868 
412085; 862 
412090; 5.028 
412100; 1.976 
412110; 859 
412120; 2.882 
412125; 660 
412130; 867 
412135; 509 
412140; 3.144 
412150; 2.269 
412160; 1.115 
412170; 3.347 
412175; 923 
412180; 2.036 
412190; 2.605 
412200; 2.066 
412210; 753 
412215; 2.128 
412217; 610 
412220; 3.340 
412230; 5.042 
412240; 10.702 
412250; 1.739 
412260; 1.521 
412265; 909 
412270; 1.183 
412280; 755 
412290; 1.072 
412300; 2.231 
412310; 722 
412320; 665 
412330; 1.514 
412340; 2.170 
412350; 4.877 
412360; 282 
412370; 1.842 
412380; 2.508 
412382; 769 
412385; 1.489 
412390; 2.655 
412395; 527 
412400; 892 
412402; 1.319 
412405; 3.894 
412410; 7.661 
412420; 513 
412430; 455 
412440; 3.407 
412450; 922 
412460; 1.096 
412470; 1.829 
412480; 2.166 
412490; 1.005 
412500; 2.315 
412510; 1.835 
412520; 1.726 
412530; 1.241 
412535; 1.338 
412540; 1.177 
412545; 611 
412550; 34.630 
412555; 467 
412560; 6.003 
412570; 4.710 
412575; 1.250 
412580; 1.790 
412590; 459 
412600; 1.606 
412610; 918 
412620; 1.004 
412625; 13.069 
412627; 903 
412630; 2.277 
412635; 1.069 
412640; 1.254 
412650; 3.116 
412660; 3.449 
412665; 678 
412667; 2.045 
412670; 927 
412680; 2.290 
412690; 1.140 
412700; 1.660 
412710; 10.252 
412720; 2.952 
412730; 2.788 
412740; 3.237 
412750; 2.714 
412760; 2.437 
412770; 20.307 
412780; 1.510 
412785; 1.927 
412788; 489 
412790; 1.383 
412795; 1.801 
412796; 1.902 
412800; 4.077 
412810; 19.483 
412820; 8.654 
412830; 424 
412840; 2.601 
412850; 3.440 
412853; 1.340 
412855; 1.711 
412860; 1.484 
412862; 491 
412863; 745 
412865; 684 
412870; 1.162 
412880; 1.215 
420005; 540 
420010; 2.504 
420020; 1.577 
420030; 825 
420040; 1.238 
420050; 1.100 
420055; 466 
420060; 1.270 
420070; 1.631 
420075; 519 
420080; 1.169 
420090; 1.014 
420100; 1.424 
420110; 613 
420120; 1.335 
420125; 1.536 
420127; 1.060 
420130; 3.333 
420140; 10.022 
420150; 1.382 
420160; 822 
420165; 436 
420170; 1.466 
420180; 578 
420190; 947 
420195; 2.683 
420200; 25.560 
420205; 3.148 
420207; 2.471 
420208; 651 
420209; 391 
420210; 4.837 
420213; 847 
420215; 532 
420220; 1.890 
420230; 9.613 
420240; 53.060 
420243; 632 
420245; 2.724 
420250; 705 
420253; 441 
420257; 531 
420260; 1.449 
420270; 939 
420280; 4.318 
420285; 603 
420287; 465 
420290; 16.895 
420300; 10.476 
420310; 1.339 
420315; 332 
420320; 7.520 
420325; 468 
420330; 2.118 
420340; 1.174 
420350; 1.526 
420360; 5.531 
420370; 1.580 
420380; 8.162 
420390; 3.534 
420395; 3.903 
420400; 1.657 
420410; 818 
420415; 518 
420417; 570 
420419; 384 
420420; 27.745 
420425; 2.848 
420430; 13.809 
420435; 759 
420440; 2.169 
420445; 483 
420450; 2.372 
420455; 1.972 
420460; 32.770 
420470; 2.247 
420475; 384 
420480; 6.303 
420490; 1.926 
420500; 3.074 
420510; 666 
420515; 719 
420517; 435 
420519; 362 
420520; 1.024 
420530; 1.614 
420535; 372 
420540; 88.256 
420543; 530 
420545; 3.100 
420550; 5.084 
420555; 380 
420560; 587 
420570; 3.832 
420580; 2.253 
420590; 9.248 
420600; 2.606 
420610; 1.107 
420620; 2.227 
420630; 2.994 
420640; 2.261 
420650; 4.300 
420660; 1.089 
420665; 763 
420670; 3.798 
420675; 404 
420680; 781 
420690; 2.883 
420700; 7.678 
420710; 1.835 
420720; 2.459 
420730; 8.676 
420740; 902 
420750; 8.630 
420757; 690 
420760; 1.127 
420765; 1.807 
420768; 920 
420770; 1.470 
420775; 914 
420780; 1.581 
420785; 401 
420790; 1.511 
420800; 1.318 
420810; 2.919 
420820; 27.355 
420830; 9.715 
420840; 2.690 
420845; 4.676 
420850; 3.593 
420860; 896 
420870; 1.952 
420880; 4.107 
420890; 20.566 
420895; 328 
420900; 5.147 
420910; 82.061 
420915; 765 
420917; 417 
420920; 556 
420930; 26.210 
420940; 9.326 
420945; 344 
420950; 1.051 
420960; 2.330 
420970; 1.613 
420980; 529 
420985; 1.108 
420990; 1.676 
421000; 1.569 
421003; 1.395 
421005; 290 
421010; 8.787 
421020; 603 
421030; 1.147 
421040; 1.199 
421050; 4.299 
421055; 437 
421060; 2.897 
421070; 345 
421080; 1.279 
421085; 468 
421090; 780 
421100; 1.825 
421105; 1.370 
421110; 1.184 
421120; 2.429 
421125; 526 
421130; 9.939 
421140; 882 
421145; 791 
421150; 2.422 
421160; 2.443 
421165; 489 
421170; 3.585 
421175; 2.660 
421180; 1.458 
421185; 362 
421187; 356 
421189; 463 
421190; 21.699 
421200; 1.172 
421205; 507 
421210; 3.457 
421220; 2.740 
421223; 825 
421225; 1.341 
421227; 687 
421230; 1.301 
421240; 861 
421250; 5.351 
421260; 813 
421265; 1.687 
421270; 1.142 
421280; 3.476 
421290; 2.783 
421300; 580 
421310; 1.022 
421315; 667 
421320; 5.156 
421330; 769 
421335; 458 
421340; 1.679 
421350; 3.193 
421360; 5.808 
421370; 2.505 
421380; 1.414 
421390; 382 
421400; 2.752 
421410; 452 
421415; 474 
421420; 1.957 
421430; 497 
421440; 1.098 
421450; 915 
421460; 1.534 
421470; 2.176 
421480; 10.737 
421490; 897 
421500; 5.562 
421505; 406 
421507; 962 
421510; 2.441 
421520; 1.143 
421530; 1.371 
421535; 823 
421540; 813 
421545; 1.292 
421550; 1.979 
421555; 485 
421560; 419 
421565; 1.408 
421567; 1.107 
421568; 515 
421569; 277 
421570; 3.602 
421575; 500 
421580; 11.399 
421590; 673 
421600; 2.019 
421605; 688 
421610; 1.719 
421620; 8.576 
421625; 1.539 
421630; 3.148 
421635; 561 
421640; 1.266 
421650; 4.199 
421660; 38.040 
421670; 2.717 
421680; 1.711 
421690; 3.971 
421700; 1.501 
421710; 700 
421715; 417 
421720; 7.358 
421725; 851 
421730; 1.651 
421740; 2.253 
421750; 3.167 
421755; 650 
421760; 2.614 
421770; 4.377 
421775; 540 
421780; 3.131 
421790; 1.561 
421795; 398 
421800; 5.254 
421810; 1.054 
421820; 7.213 
421825; 694 
421830; 2.439 
421835; 699 
421840; 1.234 
421850; 1.056 
421860; 1.290 
421870; 19.177 
421875; 988 
421880; 2.170 
421885; 570 
421890; 1.782 
421895; 500 
421900; 4.347 
421910; 633 
421915; 422 
421917; 646 
421920; 947 
421930; 7.549 
421935; 752 
421940; 595 
421950; 7.754 
421960; 892 
421970; 4.722 
421985; 582 
422000; 2.329 
430003; 862 
430005; 713 
430010; 3.492 
430020; 1.697 
430030; 1.891 
430040; 15.810 
430045; 1.092 
430047; 507 
430050; 1.583 
430055; 429 
430057; 640 
430060; 27.847 
430063; 1.122 
430064; 1.270 
430066; 325 
430070; 1.660 
430080; 3.090 
430085; 902 
430087; 843 
430090; 1.790 
430100; 4.263 
430105; 2.416 
430107; 701 
430110; 2.737 
430120; 2.412 
430130; 3.691 
430140; 2.295 
430150; 1.921 
430155; 938 
430160; 22.696 
430163; 3.770 
430165; 1.203 
430170; 1.507 
430175; 1.081 
430180; 1.165 
430185; 568 
430187; 641 
430190; 2.681 
430192; 515 
430195; 580 
430200; 2.035 
430205; 324 
430210; 22.172 
430215; 407 
430220; 1.596 
430222; 554 
430223; 513 
430225; 824 
430230; 2.233 
430235; 2.225 
430237; 470 
430240; 2.290 
430245; 1.180 
430250; 1.535 
430258; 647 
430260; 721 
430265; 1.311 
430270; 3.636 
430280; 7.987 
430290; 2.528 
430300; 18.560 
430310; 20.793 
430320; 1.089 
430330; 1.271 
430340; 1.273 
430350; 11.963 
430355; 646 
430360; 1.147 
430367; 722 
430370; 1.657 
430380; 1.541 
430390; 10.284 
430400; 1.049 
430410; 871 
430420; 6.198 
430430; 1.627 
430435; 1.319 
430440; 6.352 
430450; 11.465 
430460; 56.596 
430461; 450 
430462; 362 
430463; 8.458 
430465; 537 
430466; 4.148 
430467; 771 
430468; 1.983 
430469; 595 
430470; 12.241 
430471; 1.966 
430480; 5.418 
430485; 341 
430490; 2.218 
430495; 704 
430500; 2.382 
430510; 80.095 
430511; 815 
430512; 1.442 
430513; 1.131 
430515; 551 
430517; 1.580 
430520; 3.003 
430530; 2.277 
430535; 6.199 
430537; 641 
430540; 869 
430543; 1.192 
430544; 746 
430545; 4.390 
430550; 1.187 
430558; 740 
430560; 894 
430570; 1.382 
430580; 2.150 
430583; 542 
430585; 651 
430587; 711 
430590; 1.498 
430593; 548 
430595; 1.180 
430597; 491 
430600; 3.481 
430605; 1.472 
430607; 638 
430610; 11.961 
430613; 457 
430620; 2.735 
430630; 1.081 
430632; 646 
430635; 713 
430637; 747 
430640; 4.547 
430642; 407 
430645; 918 
430650; 2.375 
430655; 662 
430660; 7.941 
430670; 743 
430673; 1.358 
430675; 516 
430676; 5.787 
430680; 4.976 
430690; 5.189 
430692; 170 
430693; 2.133 
430695; 769 
430697; 601 
430700; 19.279 
430705; 677 
430710; 1.512 
430720; 1.206 
430730; 1.513 
430740; 709 
430745; 829 
430750; 3.384 
430755; 1.300 
430760; 7.396 
430770; 15.469 
430780; 6.616 
430781; 653 
430783; 703 
430786; 715 
430790; 11.549 
430800; 1.594 
430805; 537 
430807; 767 
430810; 2.593 
430820; 5.781 
430825; 523 
430830; 1.964 
430840; 1.855 
430843; 777 
430845; 930 
430850; 5.914 
430860; 6.931 
430865; 639 
430870; 1.494 
430880; 1.919 
430885; 334 
430890; 3.708 
430900; 4.013 
430905; 1.536 
430910; 6.197 
430912; 482 
430915; 529 
430920; 44.958 
430925; 498 
430930; 17.121 
430940; 4.820 
430950; 1.996 
430955; 943 
430957; 478 
430960; 3.964 
430965; 937 
430970; 1.228 
430975; 771 
430980; 1.343 
430990; 1.705 
430995; 841 
431000; 4.342 
431010; 4.867 
431020; 17.039 
431030; 1.103 
431033; 5.352 
431036; 855 
431040; 1.672 
431041; 445 
431043; 1.516 
431046; 507 
431050; 1.757 
431053; 1.046 
431055; 755 
431057; 452 
431060; 6.074 
431065; 565 
431070; 957 
431075; 549 
431080; 4.065 
431085; 869 
431087; 545 
431090; 995 
431100; 5.996 
431110; 2.930 
431112; 790 
431113; 746 
431115; 1.802 
431120; 3.874 
431123; 493 
431125; 990 
431127; 485 
431130; 5.737 
431140; 13.910 
431142; 451 
431150; 1.502 
431160; 1.276 
431162; 711 
431164; 417 
431170; 1.308 
431171; 692 
431173; 520 
431175; 1.595 
431177; 1.480 
431179; 664 
431180; 6.593 
431190; 1.176 
431198; 1.009 
431200; 525 
431205; 1.121 
431210; 1.171 
431213; 495 
431215; 890 
431217; 459 
431220; 1.153 
431225; 1.455 
431230; 1.118 
431235; 465 
431237; 676 
431238; 790 
431240; 10.759 
431242; 620 
431244; 662 
431245; 1.721 
431247; 1.312 
431250; 2.737 
431260; 1.369 
431261; 502 
431262; 376 
431265; 3.431 
431267; 383 
431270; 2.406 
431275; 806 
431280; 926 
431290; 2.167 
431295; 525 
431300; 975 
431301; 652 
431303; 1.108 
431306; 2.433 
431308; 788 
431310; 1.507 
431320; 4.453 
431330; 4.866 
431333; 521 
431335; 830 
431337; 3.769 
431339; 949 
431340; 40.891 
431342; 939 
431344; 510 
431346; 410 
431349; 932 
431350; 8.476 
431360; 1.067 
431365; 2.851 
431370; 6.049 
431380; 1.564 
431390; 6.932 
431395; 1.857 
431400; 1.619 
431402; 1.686 
431403; 749 
431405; 7.291 
431406; 906 
431407; 1.350 
431410; 34.152 
431413; 601 
431415; 1.820 
431417; 277 
431420; 1.801 
431430; 929 
431440; 69.303 
431442; 1.170 
431445; 539 
431446; 396 
431447; 926 
431449; 883 
431450; 2.728 
431454; 853 
431455; 671 
431460; 4.778 
431470; 2.305 
431475; 557 
431477; 787 
431478; 461 
431480; 5.355 
431490; 304.338 
431500; 1.508 
431505; 749 
431507; 428 
431510; 2.279 
431513; 433 
431514; 545 
431515; 1.300 
431517; 529 
431520; 1.084 
431530; 4.760 
431531; 323 
431532; 523 
431535; 1.005 
431540; 1.576 
431545; 692 
431550; 3.793 
431555; 757 
431560; 39.333 
431570; 8.111 
431575; 880 
431580; 2.508 
431590; 1.261 
431595; 615 
431600; 3.715 
431610; 2.186 
431620; 1.498 
431630; 1.648 
431640; 8.375 
431642; 598 
431643; 703 
431645; 2.005 
431647; 726 
431650; 1.429 
431660; 3.969 
431670; 1.721 
431673; 445 
431675; 1.420 
431680; 24.389 
431690; 53.404 
431695; 1.299 
431697; 517 
431700; 2.137 
431710; 16.745 
431720; 13.365 
431725; 580 
431730; 6.383 
431740; 11.101 
431750; 15.082 
431755; 463 
431760; 8.712 
431770; 2.483 
431775; 465 
431780; 3.075 
431790; 3.451 
431795; 630 
431800; 11.891 
431805; 887 
431810; 4.522 
431820; 3.747 
431830; 12.221 
431840; 4.310 
431842; 1.362 
431843; 800 
431844; 724 
431845; 637 
431846; 383 
431848; 910 
431849; 606 
431850; 5.430 
431860; 1.639 
431861; 590 
431862; 532 
431870; 35.979 
431880; 9.557 
431890; 7.198 
431900; 4.152 
431910; 1.515 
431912; 828 
431915; 1.698 
431920; 1.311 
431930; 1.624 
431935; 613 
431936; 394 
431937; 712 
431940; 4.015 
431950; 4.383 
431960; 5.787 
431970; 1.025 
431971; 658 
431973; 449 
431975; 388 
431980; 1.827 
431990; 10.508 
432000; 21.478 
432010; 4.281 
432020; 2.443 
432023; 624 
432026; 1.256 
432030; 1.243 
432032; 644 
432035; 1.135 
432040; 2.940 
432045; 500 
432050; 1.415 
432055; 1.267 
432057; 501 
432060; 1.002 
432065; 702 
432067; 2.156 
432070; 2.837 
432080; 6.059 
432085; 794 
432090; 3.792 
432100; 2.219 
432110; 3.704 
432120; 10.412 
432130; 5.414 
432132; 757 
432135; 1.400 
432140; 2.883 
432143; 2.093 
432145; 5.455 
432146; 571 
432147; 1.637 
432149; 771 
432150; 8.251 
432160; 10.346 
432162; 731 
432163; 830 
432166; 2.236 
432170; 3.680 
432180; 5.527 
432183; 552 
432185; 1.023 
432190; 5.717 
432195; 1.272 
432200; 4.668 
432210; 1.613 
432215; 732 
432218; 348 
432220; 4.085 
432225; 667 
432230; 2.430 
432232; 724 
432234; 469 
432235; 426 
432237; 571 
432240; 19.183 
432250; 11.405 
432252; 769 
432253; 2.225 
432254; 927 
432255; 460 
432260; 13.766 
432270; 4.952 
432280; 5.528 
432285; 584 
432290; 1.372 
432300; 40.100 
432310; 963 
432320; 691 
432330; 855 
432335; 518 
432340; 1.074 
432345; 1.036 
432350; 662 
432360; 406 
432370; 632 
432375; 897 
432377; 659 
432380; 2.594 
500020; 1.335 
500025; 609 
500060; 4.712 
500070; 3.622 
500080; 1.339 
500085; 1.293 
500090; 1.120 
500100; 3.691 
500110; 7.190 
500124; 1.101 
500150; 1.115 
500190; 2.573 
500200; 1.602 
500210; 3.405 
500215; 978 
500220; 2.752 
500230; 1.459 
500240; 3.248 
500260; 2.391 
500270; 128.658 
500280; 708 
500290; 4.355 
500295; 2.058 
500310; 1.024 
500315; 1.805 
500320; 13.090 
500325; 2.707 
500330; 4.875 
500345; 1.924 
500348; 1.416 
500350; 824 
500370; 28.252 
500375; 1.581 
500380; 3.889 
500390; 408 
500400; 1.708 
500410; 1.840 
500430; 2.249 
500440; 1.290 
500450; 2.959 
500460; 2.732 
500470; 3.702 
500480; 794 
500490; 1.412 
500500; 4.079 
500510; 502 
500515; 939 
500520; 2.301 
500525; 897 
500540; 4.355 
500560; 3.231 
500568; 3.056 
500570; 5.998 
500580; 1.873 
500600; 1.778 
500620; 6.813 
500625; 653 
500627; 750 
500630; 7.242 
500635; 1.166 
500640; 1.304 
500660; 11.572 
500690; 1.609 
500710; 2.083 
500720; 3.701 
500730; 976 
500740; 3.278 
500750; 901 
500755; 994 
500769; 2.967 
500770; 1.653 
500780; 921 
500790; 6.779 
500793; 1.323 
500795; 1.174 
500797; 517 
500800; 3.466 
500830; 14.415 
500840; 1.261 
510010; 1.072 
510020; 2.832 
510025; 6.509 
510030; 2.400 
510035; 775 
510040; 1.579 
510050; 1.678 
510060; 780 
510080; 1.142 
510100; 476 
510120; 185 
510125; 2.163 
510130; 1.487 
510140; 1.559 
510160; 1.459 
510170; 3.311 
510180; 8.979 
510185; 581 
510190; 1.645 
510250; 12.676 
510260; 1.278 
510263; 2.305 
510267; 4.096 
510268; 395 
510269; 493 
510270; 2.532 
510279; 1.759 
510285; 1.070 
510300; 3.207 
510305; 1.369 
510310; 731 
510320; 4.479 
510325; 2.960 
510330; 2.186 
510335; 2.894 
510336; 399 
510337; 1.419 
510340; 76.168 
510343; 866 
510345; 933 
510350; 2.474 
510360; 1.365 
510370; 1.311 
510380; 549 
510385; 602 
510390; 658 
510395; 531 
510410; 4.152 
510420; 2.882 
510450; 358 
510452; 482 
510454; 856 
510455; 535 
510460; 1.405 
510480; 3.690 
510490; 1.189 
510500; 1.350 
510510; 3.757 
510515; 5.200 
510517; 1.137 
510520; 1.699 
510523; 604 
510525; 3.343 
510530; 312 
510550; 1.554 
510558; 1.365 
510560; 1.958 
510562; 3.385 
510590; 2.259 
510600; 1.002 
510610; 2.533 
510615; 1.430 
510617; 430 
510618; 547 
510619; 494 
510620; 587 
510621; 1.820 
510622; 2.513 
510623; 1.909 
510624; 1.033 
510625; 3.057 
510626; 1.014 
510627; 698 
510628; 746 
510629; 1.652 
510630; 2.541 
510631; 275 
510637; 2.531 
510642; 4.483 
510645; 356 
510650; 4.595 
510665; 874 
510670; 380 
510675; 4.898 
510677; 1.524 
510680; 714 
510682; 1.507 
510685; 506 
510700; 2.958 
510704; 6.122 
510706; 1.407 
510710; 3.022 
510715; 362 
510718; 1.249 
510719; 369 
510720; 807 
510724; 440 
510726; 555 
510729; 848 
510730; 2.065 
510735; 415 
510740; 481 
510757; 344 
510760; 25.862 
510770; 3.048 
510774; 259 
510775; 549 
510776; 258 
510777; 940 
510779; 369 
510780; 2.547 
510785; 1.536 
510787; 1.139 
510788; 176 
510790; 13.050 
510792; 7.178 
510794; 1.077 
510795; 10.915 
510800; 661 
510805; 1.609 
510810; 699 
510820; 771 
510830; 496 
510835; 383 
510840; 30.199 
510850; 1.350 
510860; 2.195 
510880; 746 
510885; 371 
510890; 606 
510895; 945 
520005; 1.044 
520010; 2.380 
520013; 2.868 
520015; 465 
520017; 678 
520020; 364 
520025; 11.791 
520030; 3.501 
520050; 444 
520055; 518 
520060; 982 
520080; 1.104 
520082; 641 
520085; 926 
520090; 717 
520110; 52.545 
520120; 195 
520130; 3.118 
520140; 52.957 
520145; 361 
520150; 532 
520160; 729 
520170; 2.871 
520180; 1.599 
520215; 1.285 
520235; 564 
520250; 1.176 
520260; 825 
520280; 443 
520310; 609 
520320; 1.102 
520330; 4.208 
520340; 1.661 
520350; 2.751 
520355; 1.369 
520357; 579 
520360; 671 
520380; 988 
520390; 1.725 
520393; 462 
520396; 436 
520400; 947 
520410; 1.572 
520420; 237 
520425; 1.433 
520430; 2.560 
520440; 3.317 
520450; 12.386 
520455; 592 
520460; 551 
520465; 569 
520470; 1.685 
520480; 823 
520485; 912 
520490; 2.190 
520495; 392 
520500; 1.517 
520505; 577 
520510; 13.275 
520520; 728 
520530; 1.129 
520540; 3.732 
520545; 1.013 
520547; 623 
520549; 5.930 
520551; 2.258 
520552; 515 
520570; 459 
520580; 1.747 
520590; 1.513 
520620; 5.410 
520630; 599 
520640; 2.277 
520650; 725 
520660; 578 
520670; 599 
520680; 485 
520690; 415 
520710; 496 
520725; 1.173 
520735; 741 
520740; 1.782 
520750; 530 
520753; 1.204 
520760; 1.222 
520780; 2.730 
520790; 1.871 
520800; 12.668 
520810; 813 
520815; 505 
520830; 754 
520840; 1.557 
520850; 1.083 
520860; 8.699 
520870; 207.706 
520880; 3.768 
520890; 4.191 
520910; 5.569 
520915; 846 
520920; 2.076 
520929; 385 
520940; 644 
520945; 382 
520960; 673 
520970; 2.651 
520980; 718 
520990; 1.481 
520993; 807 
520995; 1.898 
521000; 8.377 
521010; 4.217 
521015; 599 
521020; 6.516 
521030; 568 
521040; 5.259 
521056; 755 
521060; 1.189 
521080; 798 
521090; 2.881 
521100; 923 
521120; 4.717 
521130; 1.032 
521140; 1.867 
521150; 16.445 
521160; 481 
521170; 1.239 
521180; 5.473 
521190; 13.614 
521200; 620 
521205; 425 
521210; 1.064 
521220; 3.189 
521225; 196 
521230; 1.072 
521250; 17.967 
521260; 497 
521270; 918 
521280; 1.691 
521290; 431 
521295; 692 
521300; 1.165 
521305; 410 
521308; 5.128 
521310; 7.893 
521340; 363 
521350; 1.140 
521370; 1.349 
521375; 1.403 
521377; 748 
521380; 7.569 
521385; 489 
521390; 848 
521400; 1.614 
521405; 863 
521410; 693 
521440; 1.442 
521450; 3.324 
521460; 6.032 
521470; 436 
521480; 444 
521483; 1.644 
521486; 1.744 
521487; 410 
521490; 557 
521500; 1.388 
521520; 677 
521523; 8.088 
521525; 696 
521530; 2.827 
521540; 613 
521550; 1.043 
521560; 4.049 
521565; 592 
521570; 3.901 
521580; 525 
521590; 715 
521600; 568 
521630; 1.637 
521640; 1.714 
521645; 502 
521680; 1.641 
521690; 428 
521710; 4.907 
521720; 2.132 
521730; 3.583 
521740; 5.381 
521760; 7.880 
521770; 3.410 
521800; 6.054 
521805; 406 
521810; 669 
521830; 3.416 
521839; 648 
521850; 7.134 
521860; 1.777 
521870; 725 
521878; 522 
521880; 22.308 
521890; 3.156 
521900; 1.415 
521910; 900 
521920; 556 
521925; 709 
521930; 5.938 
521935; 769 
521940; 1.114 
521945; 613 
521950; 477 
521960; 715 
521970; 1.540 
521971; 753 
521973; 739 
521975; 5.894 
521980; 1.592 
521990; 1.074 
522000; 1.208 
522005; 286 
522010; 5.684 
522015; 689 
522020; 3.443 
522026; 723 
522028; 426 
522040; 2.713 
522045; 9.550 
522050; 1.104 
522060; 2.919 
522068; 778 
522070; 369 
522100; 716 
522108; 382 
522119; 836 
522130; 550 
522140; 15.820 
522145; 649 
522150; 935 
522155; 527 
522157; 561 
522160; 5.977 
522170; 2.582 
522180; 563 
522185; 11.894 
522190; 777 
522200; 1.834 
522205; 916 
522220; 412 
522230; 869 
530010; 346.516 
