id_municipio,qtd_primeirasdoses
4121208,15015
3304904,670119
2509057,6867
2510808,86978
2708600,40172
2705903,3035
4314407,278846
4307609,38872
4311205,15912
4309209,215830
4315602,162097
3118809,18963
4204806,33301
4208906,138124
3106705,343897
2607653,24700
5200209,1627
5201603,4079
5210406,37513
5218805,171970
5200134,16946
3144805,89431
3139409,70160
2931202,12996
2927408,2213962
2913606,112762
2905206,42322
2920700,16024
4106902,1575753
4109401,140613
2101301,9889
4316105,7861
4301602,101526
2908002,14416
2928604,45943
3132503,26111
3111200,43901
4215000,31983
4209102,469536
4204608,180254
2112902,19840
2109908,60668
2105302,196045
2102903,14391
2209971,6582
1502806,20302
5108055,7910
2920601,32071
2912400,13417
2919207,171561
2929404,8058
4300406,61616
4304630,51039
5208905,19396
5208608,59760
2924603,13370
3131901,45942
3143906,89158
2612471,9690
4219507,39266
4215406,3691
5005707,39657
3550308,11095488
3552502,451138
3540705,46407
3101508,26721
3119401,74456
3136504,6580
3304524,107413
3302403,163785
3302452,7182
1302603,1656414
1303007,14004
5103304,12488
5107602,199784
5105606,12739
2918407,142407
3541406,208472
3506003,317364
3522703,34474
3505609,25926
3518701,262815
1501501,49903
1504000,19424
1501709,90031
1507458,14577
1702109,132505
1715259,1764
1706258,1416
1716653,3898
3305109,240654
5221403,100445
4202800,28494
4205704,23805
2612406,14844
2606804,86566
2610608,42633
3301405,19313
4104907,61645
4123907,9660
1505908,18353
1508126,16533
1507706,16162
3169604,22077
3117405,3455
2307007,20591
3106655,3684
3125903,8269
4210100,46154
4217204,36068
4217006,11185
4204178,3079
4208104,17256
4209458,1333
4210506,22295
4206009,14183
4203808,43349
4311809,35012
4318804,36113
2920205,8253
2910503,31634
2923605,16608
2903300,4760
3556503,96140
3517000,9531
3534708,90775
3540200,31195
3524303,63491
3551009,284772
3507506,138628
3519709,65717
3556206,103560
3138609,14296
3150505,7317
3139508,17749
3172004,33221
3129301,7956
3140001,52165
1100189,28293
5205406,17774
5215306,13314
3547106,2705
3550704,75614
3508603,27148
4105102,8691
3528502,76519
3537107,39296
4306767,31326
4310876,1961
4302808,28420
3525300,116196
3501608,200101
3549102,80249
3503208,206651
2614105,25265
2616407,105470
2601706,61284
1506500,49571
2202208,36919
2207603,7381
2201919,4689
2208106,8254
4219853,3190
4203709,9109
3304201,112677
3525854,3021
3203007,23049
3200359,6076
3171303,68004
3116605,25087
3140159,12307
3136579,2678
3110509,20175
3201902,31664
3204005,16254
3202306,24139
2501807,68980
2508901,31796
2503902,5138
3502101,49360
5203401,6925
5213103,52324
5220108,27193
4108908,5816
4319901,62717
4306429,3566
2709152,29030
2707701,66865
4300802,11477
4304200,23945
4306403,25006
4304903,7879
3304300,45340
2706307,53272
2701506,6208
2929909,36328
2919926,15668
2930709,84971
2919405,9793
4205308,9193
1302801,6844
4120200,2750
4119152,109351
4125704,22783
4102901,13525
3140555,6141
3141009,10653
3149903,17348
5107065,15807
5105622,19815
5106752,32922
3103504,99546
3129004,6845
3302304,5902
4301057,9672
4315958,2050
2928802,39173
2932903,61651
1503309,43341
1502707,31013
1500602,77849
5206503,3320
4128203,44745
4113502,18878
4105904,19356
4119905,277168
4112801,10090
3128006,27045
3170057,8935
3156106,4164
3165305,6056
5218102,3094
5222005,11711
5212204,16157
2917508,62959
3547304,125588
4126009,6775
2112803,32429
2103406,29952
2107506,79187
2101707,39542
2102325,31937
5102793,7567
4322806,20325
3535804,16925
2930808,12985
2900207,14087
2932606,12313
2922102,14592
2913002,11655
3519907,6819
4124053,18399
4306601,30209
4321204,41793
4300646,6285
5003207,82833
5103957,2441
2400208,40086
2414506,7225
2409704,26495
2414704,3889
2404606,9519
4102604,7974
1300706,19820
1303700,8501
2301000,17558
4304663,19947
4321105,13103
4322301,7343
2100600,17763
1701002,6536
1700301,3970
1703842,5210
1705607,3046
1706506,3850
4124707,8467
4118006,11019
1506351,16369
1508035,20244
2611408,10181
2608305,12106
3514403,39281
1505486,18177
1507151,13321
3130903,18276
3151404,20803
5219712,3741
5215207,2664
3508108,14619
3520004,19773
3529708,17212
3541802,2887
2514206,6250
2517001,7408
2512002,13873
2911402,11715
1100049,72296
1100148,12991
1100098,22762
2209807,3793
4218509,6276
4212700,5185
4205209,4117
1500859,13187
1504752,13997
1505064,24129
2924652,7410
2906709,18517
3102902,9068
3101607,63993
3164407,4835
3160702,35076
3169802,9072
3135209,46551
3137601,48271
3204559,34576
3200805,25091
5105507,11274
5100359,4095
2706448,10268
2706802,11774
3166204,7959
3143500,9498
3108008,14539
3110004,32112
3134202,82120
4323101,3632
4312302,4002
4112108,18207
3506102,65963
3502804,169057
5006200,40808
5001102,37357
2615003,18405
2606705,6164
3531803,54750
4321352,4558
4312252,6275
3136652,23582
2208403,51541
3520905,11487
3500600,3567
3515905,2566
3122405,5028
1200104,16326
1200252,10399
1200351,10657
1200385,11511
1200427,8141
1715754,5570
2504033,4932
2515500,10783
2500205,4218
2805505,16848
2802106,48111
2805109,6570
2803203,26424
2804508,29387
4109658,4281
2414209,11936
2404309,9352
4312138,2109
4320701,11923
2707800,4690
2700706,12164
2708204,4908
3549409,43858
5004908,5286
5007935,12379
2105989,4835
2105401,43841
2930204,27180
2905008,20779
2105906,7390
3108107,6830
3143450,5200
3140704,28878
5007950,7814
1101005,6427
1100015,17568
1100254,16253
5215009,7461
5212907,2041
5220603,16987
3160108,3724
3126950,2993
3505807,19012
3500303,28799
3553203,5699
3519303,28305
3203601,4901
3200136,8500
3203130,13151
3205010,21221
3205036,16682
2603207,18812
2506251,6871
2505204,4926
4110706,49277
4103404,2319
3554904,5526
3127602,9425
3103900,7348
3517406,35098
2708956,8119
2703601,5127
3520301,25422
3531506,16997
2511608,5921
2515005,5565
2507002,18710
2104099,11222
3203403,20676
4323457,3709
3553906,5941
3134004,10232
3123809,5668
3153400,14940
3545001,14965
3502754,18353
3554953,5708
3549201,2246
2204204,6120
3130804,2398
3124500,9648
3132107,11811
3546900,6412
3535002,9902
3550209,29464
3511409,19432
1301852,42335
2807501,8639
2600054,76864
2600401,18432
3553708,45893
3521507,6907
3540101,3100
3503109,5567
3517802,6675
2609907,47958
2610004,43284
3517901,8841
3546306,25261
3516853,4117
2205953,6578
2200400,34793
2206506,6353
2203305,11503
2206753,3993
3145851,4296
3148608,12199
3306156,8364
3521804,22559
3112802,7394
3130051,7035
5107941,7400
3514700,9504
1200328,5401
5004700,22177
4114302,22111
4107405,4927
4103453,15592
4123857,7983
4124004,4687
4103370,3076
2616209,14922
4111803,32846
4122206,25962
4128609,6984
1400209,10715
2508109,3763
2501005,12992
3504800,7700
3527603,10895
2509909,7016
2507101,14403
3201605,24864
4112009,27020
1400472,17858
2111532,6510
2108058,10127
3553302,18038
3512100,5751
2101905,12518
2105476,6656
2108603,57815
3144607,21882
2112308,21700
2106409,10179
2109502,13338
2703106,20404
3146750,5271
3126752,4160
3108206,4423
3133303,15972
4110052,1861
3536000,10557
3153806,1979
2503100,4262
5100409,9100
5104906,6283
5107859,11181
3155900,4259
5204953,3138
1600808,8342
2206209,24134
2206803,6563
3101904,15747
1503903,34342
4114708,4739
4110607,12230
3140209,2879
3533601,6532
3141108,31689
3114006,9568
3105509,4454
3146206,4716
4117107,10660
3525706,30941
4322707,21564
2801108,3371
2801207,20369
2614709,10291
2205805,18605
2204006,3864
1303106,13694
2310704,4934
3135308,3761
3544251,14613
2602407,7959
3102100,9499
3105400,26102
4318481,3817
4104451,9574
2800100,1818
3534500,2214
3162609,6121
5204409,12042
3532157,3800
2605152,13502
2514008,3474
3145877,6256
3139904,11459
4120705,7154
3543808,7932
4119202,5565
2100105,5960
2205151,4628
2902005,10073
1600204,6584
1600535,11175
3523305,11175
2909109,11930
2615904,6456
3103108,1610
3163805,5933
3113503,7476
3126208,5807
3121258,7776
3148905,3581
3302601,36194
4322533,8669
3534807,6586
4322004,22941
4306734,3944
4301800,4127
4303202,4309
4313102,5072
3550506,7080
3131505,8132
3106606,3724
2903276,12003
3519105,9425
3304102,13895
4106407,39725
3512605,5193
3170750,6051
3514809,11503
4128708,5693
4107504,10764
4200200,8448
4215703,21880
4313441,1815
2609709,15982
5216403,8997
4214409,5072
4217402,13884
4202206,7606
3506805,9525
3556107,12135
2305506,16831
2104206,9966
2706604,4975
2932457,10382
2313609,11533
4310439,5521
4315354,3454
4210209,2619
2405009,6242
2409209,2504
4210704,2084
2209872,4473
3127404,3742
2308005,6355
1303304,11243
3132008,3411
2925956,16746
2902302,7061
2930774,18843
3546207,3829
5106208,3310
5103379,7659
2102606,10534
2100501,7485
2104073,5139
4128401,9427
2402303,18953
2407500,6620
3154903,10455
3157336,6244
1716604,7296
1500958,14304
4317707,8753
2925006,17163
2923001,20506
2305266,3229
2300309,9046
2103109,7287
2201176,3306
2204709,11753
2203271,3455
1100320,14686
2901809,7633
2304103,48758
3539103,15858
5215702,24896
4208005,5745
4211009,8389
4215208,4140
4202156,2319
4123501,21732
2904753,14985
2908200,16935
4207809,8304
3515657,1605
2104651,5442
2104008,11134
4216057,5680
4204558,11352
4301750,4987
3508207,3656
2411403,9945
2405405,4619
2500106,7431
2507804,5282
2101772,5928
2209609,2562
2605608,16874
2303659,3531
4124905,4770
5203906,8682
2909604,9927
2921054,8667
4209805,2948
4304002,4128
2902906,15576
2922201,7799
3134806,5249
4117404,2838
4321857,3876
2413508,2750
2412708,4646
2401305,10607
2406601,7169
4107124,2659
2509156,5391
2506806,14456
2503308,7748
2609105,9287
2202711,3960
4305603,2902
1506906,4399
2105658,3632
4314472,3373
4202859,3122
2909703,11467
5221304,2601
3135357,6735
3157708,12899
2915700,5071
4310702,2898
4315321,2435
5213509,5343
2922409,16401
4110508,11784
2513984,3178
3138005,5597
4107751,6690
5213707,6773
2508604,9716
1506559,14112
1503044,8820
4113106,4093
2905503,9592
4109302,10996
5213053,2041
3148301,7431
3168903,5897
2307809,3597
2304236,2689
2921401,12238
4316006,18152
5004304,14920
1504976,8956
5203104,2897
2916856,11526
2911659,6387
4103354,4470
1701309,3803
1704105,1627
1718808,3092
4301552,3064
2307502,10151
4308300,8168
2906857,8739
2300408,3714
2307908,1839
2408409,4421
2916005,15049
4118303,2181
2407203,386
2406304,8146
4322541,4674
2412104,5058
5208400,9605
2514305,4405
4312807,4596
2924306,15488
4116505,1276
4216354,3533
3130556,4987
4107553,2698
5108857,3245
4308433,2099
3167905,3736
3136108,3814
3139201,13796
5206602,2480
5215256,3480
3155603,20596
1501758,4940
3128808,6292
3110806,2892
3514601,8670
5105234,3959
4101903,12129
4108205,6225
3513306,3194
3156502,3407
1100601,3610
4304358,8446
4128534,8293
4106571,3476
3301157,9389
4100707,7639
2203206,8945
3140530,6349
2902658,10061
4121802,9952
4113429,3431
1300029,9400
1505551,3475
3104452,4169
4215604,1904
4312708,10773
4219408,3417
2301109,10935
2309003,4499
2102408,7591
2109205,8040
3107000,2211
3171154,4323
2925402,6334
5215801,2049
4205431,2282
4305371,2713
2209500,3000
3523800,6603
2304277,1301
4319356,3217
4313086,2236
3117900,9630
4100202,5340
4310900,3035
5005806,11033
5209408,3455
5202809,2256
3120151,3639
3149200,3041
3112109,4227
2200954,2032
2105609,8973
3527256,2495
1506112,8361
3100500,7368
5007307,4397
3129657,3724
4319158,6178
4322343,1796
3108701,3701
5204656,2555
2506608,4881
2501534,3862
4320578,1714
3121803,6054
3149002,2373
4103800,7102
2402808,4123
4123824,3091
2615607,21825
2510501,3080
2310902,3349
3166907,6247
3146404,3815
2209906,5130
2209005,4999
3144375,2998
3156452,3295
2704807,9606
2805000,2333
4100806,7914
5107297,2464
4120150,2713
3528908,3095
3535903,3623
2915908,5481
2916906,8690
2207850,2982
2210953,2338
3154150,5140
3536307,12288
3541653,3200
2209377,3991
3503356,1805
3547908,6268
1101450,3099
2806404,5223
3135704,5082
5205059,2710
2304350,4267
4212254,7555
5210307,2216
4300851,3512
2918209,11072
4320552,5422
3107802,10631
2401859,4534
4301875,3061
2111631,3159
4305871,2343
3539004,9423
4208401,14076
2207751,3070
2209351,3310
2103158,4710
2514552,2852
4300703,4961
2907400,3101
4322350,1073
4106100,3013
5220702,2165
3167707,4240
3144201,2059
1718550,2948
2303600,2496
2405900,1826
2302503,7790
5200852,4558
2409605,2479
1712702,1959
1720002,1744
4312674,1799
4305835,1253
4302253,2448
4113403,3275
3150901,4712
2705804,6274
2502003,5309
4313334,1957
4308854,1423
1502764,5466
3531605,3490
4304309,5333
3509957,3829
2701902,4749
4218350,3334
1600550,2613
3172202,2156
3153202,3355
5207600,4314
4300471,1685
2915304,5312
4107538,3748
3103603,2173
1101476,2800
4124301,1935
1703602,1403
4319125,2853
3515301,2318
3528205,3538
1200054,6355
4301073,2357
3503505,3258
2510402,4893
3506201,2362
4311122,3391
3167004,1668
4318440,2383
4318457,2073
2300804,1385
5216007,2117
4300570,2604
5202601,2855
2511103,5681
3101300,2372
4304101,3022
4121307,3119
5207105,1986
2205300,3822
4201802,2651
4303673,2894
4213351,2659
5212253,1178
5213772,3079
3123858,4680
5104500,1980
2304004,3312
2101350,4182
2508703,2812
5108204,3554
3103306,1766
4211454,3553
2504850,1660
3171105,2982
1713957,2524
3145372,3929
2207934,2105
1711506,3018
5104559,3755
1712454,1900
4305934,1466
1711100,1792
4309803,4083
4311239,2106
5210158,2634
4204459,1896
3517109,3794
2414753,2867
2304459,1343
3162500,77869
3305208,73358
2506400,10991
2514404,3552
4313409,191357
3104205,35855
4218707,94968
3143302,303096
3152204,30163
2611101,273359
2602902,171844
2600807,16664
2604106,308980
2609006,18143
5213087,22449
5204508,74349
3118601,502711
3156700,101231
2931350,93135
2614501,49838
4318309,50019
4316907,228376
2904605,54422
3102001,12156
3170107,266673
3129103,4661
3142700,11480
4205506,27655
4213609,28422
4209300,136044
4204202,195770
2108009,12203
2201903,22690
2204501,7878
2206605,8490
2206407,7929
2202133,4231
5107925,76286
5105101,24986
2917607,37611
2921104,17462
4316600,13678
2903201,72670
2904902,26140
2926608,42860
2907509,36799
2926103,12266
3154606,224430
3124906,8835
3303302,458586
1508001,39491
4104808,271398
4104303,80924
3513801,345793
3538709,344704
3147105,77790
3169000,13807
5300108,2326136
3171030,5518
3131703,97482
3132404,77005
1303403,70874
5102504,65497
5106224,35907
5107958,73548
2919702,12369
2929370,7757
3543303,99519
3524808,42629
3543402,586481
3535606,28123
5205802,7575
5203500,19599
5208152,3166
1501808,60078
1501576,8963
1503606,70806
1506708,16421
1507961,7592
1503077,17172
1503200,27646
1718204,44282
1716703,6407
5220454,98874
5204854,5836
5203302,24455
4204301,65473
2608602,8837
2602605,30775
3305000,39058
3304508,7874
4110102,24992
4124400,15932
4115200,393318
4107256,7436
1501451,13983
1502400,133109
1500909,27994
4321303,21168
4320008,107966
4307906,59136
4301909,13349
4303004,68159
4310207,69686
4308607,28571
3157104,4504
2308203,3383
3167103,16903
3124302,20984
4207304,41898
4216305,22775
4208450,22630
4216800,6957
4317509,65035
3505500,106691
3516705,36251
3538808,25949
3503901,72637
3153509,7076
3108602,23677
3117836,5075
1100452,21214
1100288,43493
1100122,93932
1100106,29439
5211800,35183
5217609,72540
5218789,3485
3544103,33798
3524709,52076
2613008,37988
2613701,83533
4103909,12478
4105508,65529
4118105,8057
4111407,11060
3524402,189351
4315701,30023
4312476,5464
4304689,7857
4306072,2387
3548906,211294
3302700,131322
3300803,41822
1504109,6293
2203859,2246
2201507,17468
2203701,29754
2202406,9346
3510302,18753
3510203,39358
3201407,31167
3204708,27310
3205002,376473
3138203,85234
3146107,71081
3105905,17264
3203205,140464
3202900,9448
3204807,9297
2511509,9656
2504306,24008
3545704,5391
3526902,252133
3521903,14139
3506508,100991
3503158,2143
3552106,35356
4314803,27421
4321667,9047
4320503,5112
2700409,26146
4306106,49985
2701001,16576
2303303,3404
2906873,25765
2911709,67820
2928109,30471
4209508,5916
1302504,59929
1302900,36213
4115101,7616
4103479,3784
3163201,3271
3151107,8875
3160504,1607
3151800,138592
5107008,25908
5101803,51619
5108006,9384
5101308,7537
5105259,58301
5103858,6370
3301504,17576
2913457,8824
2918100,30296
2930105,60347
2922250,8415
3524501,6563
3537800,47259
4218905,8594
4206405,9397
2914653,19270
2928000,29093
2911006,7184
2915502,14265
2917409,11153
2906303,16835
1502939,24784
1502905,27939
5214507,23313
5211206,22568
5215603,22102
4106506,19391
4113734,6002
3145000,11977
3111606,21770
3170701,111796
2903706,9000
2929800,7671
3554409,6913
3125101,41229
3157500,3315
3546405,40726
3527702,4210
4119608,28019
2112209,114342
2111201,125861
2108504,18763
2306108,4028
2312403,7611
2301901,9733
4313508,42145
2908101,15153
4312351,1403
4319000,17880
4119509,92767
5002308,9936
3102605,33376
5106265,5188
2402600,56881
4116901,22592
4108601,23091
4107850,4130
2309409,5822
4122503,8630
1502301,36835
1300409,10851
2303808,6468
4323408,3900
4314068,3724
2104081,4526
2101251,8979
2107902,12604
2101731,5198
1702901,7062
1721109,5003
4111209,10044
2600708,27494
2609303,11793
1502004,14610
3557105,83684
3526803,58378
1504901,18351
1501105,11262
3119104,18603
3128600,6154
3125952,8775
3112703,10094
3170800,27404
3147956,3370
2516003,23065
2504900,13554
3204104,19062
2907905,14166
1100296,6227
2207009,29589
2203453,8209
2202901,20534
3301207,15363
4212601,2678
4217907,7036
1504703,43039
2931905,39236
3138104,5641
2603801,14955
1503101,17910
3125705,11762
3137106,5870
3171808,8087
3170305,2635
3108909,11598
3142601,7155
2508802,4755
2500775,6505
2503704,51828
2312007,4141
2314003,8081
5100250,39478
5106653,4532
2705507,17719
3100302,11063
3142809,16436
3157203,25498
3140902,14726
3142007,9721
4321451,26820
4306809,18477
4101606,20953
4106605,18718
3202108,18607
3101201,5450
3301306,36906
3544905,9803
1301951,5733
3542503,8506
3551702,103595
2613503,25509
3550100,31002
3528106,6588
4313011,2637
4309753,3332
3169109,5803
3121605,38461
3144706,14742
2205557,6608
3516002,10518
1200401,286936
2207801,15519
1703008,5901
1200138,8440
2509008,8095
2805802,14363
2404408,7399
2411106,2670
2402006,51821
2406155,2723
2405306,5357
4320909,19786
2702504,6892
2703759,7643
2705606,5913
2701209,7537
2703502,3838
3524204,6455
3511706,14084
2923050,6985
3523503,16247
5003157,11291
2100832,10462
2107803,22450
2105203,7112
2919058,6224
5210109,20995
2108207,27944
2106300,10576
5004403,7080
5000856,9299
5001003,22831
1100155,27296
1100072,5868
1100700,6620
3139300,14022
3525102,37968
3553807,21689
3547007,4781
3537602,62201
3200904,36852
3200169,9522
2512705,14531
2512408,11404
5003108,4245
3123601,21359
3125408,4544
4117057,8469
3134707,8600
3111309,9916
3524600,14051
2708303,15797
2705408,5408
2701605,12038
3532827,7915
2502409,7547
2512762,3655
2516706,12053
2515930,4062
2507309,12071
2109759,3830
2109270,11293
2114007,30543
3541604,34940
3520400,33195
4317806,11431
4303905,52582
3515152,17489
3107208,4026
3523206,38537
3552007,5449
2205599,3696
2202505,7912
5000252,4063
3505203,26667
2802403,8798
2806206,15067
2804201,10579
3552908,5028
3553856,5134
4318200,17075
3531407,19448
3501004,14345
3518909,3895
3506300,10892
2609808,11907
3529609,3680
3507100,20592
2204105,3748
2200707,6999
2110500,23291
3148756,5370
5100102,4580
3542305,3581
1200393,6776
4107306,5262
4103503,7301
4102000,29534
3541307,33067
2514453,4719
2600203,14798
2604304,8530
2600609,24236
4119004,5038
4103107,10417
2615300,40152
1400050,10888
1400308,11326
2500700,14818
2504702,4494
2508000,7075
2509206,10750
3204203,17846
3204955,10010
4117701,27240
4100301,8618
4104501,16058
3535101,8231
4121901,10600
4125803,7779
3535408,12177
3552700,12618
3131000,4952
3517208,9703
2706505,9307
4117503,33901
4116802,5790
2106805,10443
2111904,6388
3538501,11209
2912301,15242
2505279,4679
4112504,9473
3165107,5894
3147402,19766
5105309,1573
3129608,5571
3151602,8494
3150570,5645
1600105,5774
1600212,4036
2109304,10330
2112852,6734
3505906,51835
2206704,5641
3148202,4762
3117306,19882
3127339,3279
2923209,17745
3536208,16903
1503408,7891
3552601,10201
3161106,36094
3542404,16776
3529500,5334
2602308,28073
3534609,27414
4321626,1962
4204509,12433
4217808,14217
2201739,4943
2208205,14070
3544608,4712
1100338,15846
1101757,6124
1100346,10113
1200708,11898
1200336,12942
2601052,13665
2605459,4706
3100906,13935
3126406,2921
4309159,2693
4103602,19394
4107736,5096
2801900,3142
2512606,1490
2701704,10661
2107407,12031
2103802,15591
3147600,12982
3130606,6140
3514924,2760
3156809,12135
3118502,1392
4207700,6561
2600500,31991
2603603,8026
2602704,9753
2932507,17650
2510105,8006
3111705,4256
3127057,3222
3161304,4564
5106299,9326
5107107,13549
2302057,2218
2302305,7733
3164001,6181
3113206,19581
2106003,8472
2102507,10724
3509809,4263
2202455,3397
3116902,2648
3101631,4799
2600302,19204
3110103,4330
3138658,6731
3133402,10330
3148400,4043
4126108,4745
1505403,12474
3203809,11827
1507003,20987
3140605,3914
3533809,2509
4307005,88734
2916708,5513
3532207,6258
3155504,12403
3168309,3545
2210508,9130
2202851,3482
2200103,4233
3201100,7771
3548609,10407
2613206,16403
3556800,15643
3107901,10015
3132701,16482
1101302,7753
2803906,9364
3158102,3705
4105409,16688
4218251,5218
4313037,4427
3169208,7117
4213708,12758
4200556,2490
2707909,5488
2933158,10287
2304707,7672
2309706,12300
2707602,8615
2706422,7965
4313805,6131
2408300,27568
2406205,4974
2401503,3217
3161908,12768
3531100,25369
4217600,11133
4201307,26060
4201257,7614
2908705,14458
2900355,12203
2910602,24035
5106216,9357
5102686,6440
1717503,4718
1715150,1568
1720655,4332
1703107,3694
3114204,17955
2308104,19414
2927002,26379
2902252,5606
1501956,10208
2103505,21943
2922300,22168
2105427,13746
2413557,4322
2401701,7694
2925600,11910
1703891,2455
1504802,42351
4308706,4999
3303609,32146
4205605,2627
2206100,6988
2211605,2350
2906907,16503
4115606,14727
4107801,4435
1501725,10209
5221601,33062
1300904,7390
1300839,7321
3548005,34430
2927606,10891
4321402,11769
4217303,7875
4204004,8734
4320800,24185
2612109,5655
2410108,5236
3301801,11143
2109601,27620
4201208,9531
4108007,9365
2307205,1468
4124509,4837
4126306,14209
2911907,17398
1505437,16806
2100709,17877
2923357,12463
2908903,19072
2303204,6576
3304128,11256
4315800,8739
2404853,5595
2504603,21549
2510303,3406
4219358,4042
2802700,6249
2900108,6876
2923100,17365
2921500,34213
4108320,5936
2918803,14525
2700102,14498
2511004,3227
4116059,8976
2912905,14448
3109105,8874
2933059,10053
4213807,6532
4204400,8311
4314548,2400
2313559,4836
2930758,9404
2106706,12095
2110807,3259
4305447,4143
4119103,10537
5005681,16172
2110906,8405
2509701,27684
2517209,3948
4316501,6160
3500204,3860
4118600,4567
4122800,3517
3161502,8311
3122900,5255
2511905,12072
2516755,2309
5218300,26824
2925501,16445
2100873,6387
2108256,13343
4124020,9466
3534906,14065
2610905,50188
2509404,10899
2504157,5629
2933109,6512
5204706,9736
1707108,4861
1715705,3346
5000609,30106
2403004,6595
2927903,7996
3166303,5565
1703867,3472
5219258,4563
5006259,3840
2401909,2981
3142908,16625
3141405,15156
2904209,7165
1502509,9500
4312377,2897
3164100,4241
4305959,3483
2402709,7374
2902401,7540
4307054,2747
2413003,4747
4304697,2449
4323358,1954
2921609,6687
2202778,5019
2704401,12802
1506104,8731
4201000,6728
4210035,5241
2308609,5962
3120508,8480
3126901,6617
2111029,7083
2102150,5364
2917201,15368
2930006,7215
1600238,5007
3112901,7161
5218052,3232
2907004,7274
3152709,7606
5103809,2644
5106315,1763
5108303,3463
1303502,8347
3169505,4734
4310652,2590
4305801,8597
4111704,4349
4109906,7270
5221197,5891
2211209,17614
3100708,1863
2313708,5188
2708105,8504
2703700,3717
4210852,2166
3171071,4536
5006408,6551
3155009,2680
4305504,3605
4305439,2821
4215679,6408
4218855,2398
2313757,2076
5100508,5761
4103156,2760
3136801,2983
5107354,4026
3536257,2240
4201273,3491
1101468,2030
1712504,3094
2513505,7468
2513208,5431
2508406,2616
2309300,6011
3120003,2290
5203939,2406
3159209,7175
4123956,2739
2112233,11518
4128302,1985
5005103,3496
4306551,2423
4217105,3146
4207858,1870
2502300,3992
3102407,3367
3304110,16843
2305605,5477
4312179,1504
4103024,2163
1716307,5328
4301503,6058
2513307,4673
2205409,10581
2512721,4213
3169059,3638
2208551,1943
3150604,5656
4311601,4353
2928208,15938
1101708,8452
3508801,14326
2503407,2879
4118808,10757
2603306,7333
3543204,4034
3514205,2127
3112505,7191
3157377,3315
3111804,8647
2505501,2780
3550001,9635
2505907,2605
4318465,1668
4122651,4689
3167400,4794
1302207,5893
5107578,2242
5106109,10697
1100262,2788
5000906,8128
4321493,2491
3100401,3633
3548302,2726
3112059,3332
2614402,4409
3109253,3364
2918555,3995
3143153,3542
4310579,1662
4207577,2654
4217956,1647
4128658,3341
1502855,9767
1720309,2647
4317004,7085
4305173,8203
4320677,7548
5219738,5069
2806909,2715
2204154,2179
2411056,4194
2301208,1551
4209201,2198
4302584,1929
2406809,4664
2512200,3449
2210300,4882
5216809,7660
4209706,8812
4321634,2331
4305975,2507
4111100,4970
3166501,3108
2509339,3560
1718303,4250
3161700,5544
2510600,2590
1718501,2406
2303931,1848
4317558,1851
4207601,3922
4316972,2091
5107883,1292
3102050,4490
4312757,2829
3540309,2165
2205573,5223
1507102,11988
4217550,2774
4311130,2781
5102694,2968
4101150,2677
4322186,1269
3547403,2355
3520707,3522
5220157,3950
3510906,2814
3122355,5176
3551306,3010
4312609,4106
1710508,4658
4304614,1562
2908804,4074
1703057,2341
3116704,6191
4304853,1293
3123403,1354
2207553,2990
5101605,5669
4314498,3762
3552551,3479
3122801,2787
3536604,7456
4115507,3859
4310413,1690
4206603,4340
4218954,2374
4212403,3733
4120408,4035
4116406,3091
5219407,4395
3168200,2262
4317954,2132
3145406,1864
1703826,1235
4320859,3668
2205540,2354
3106804,2951
3512704,3388
5107743,1927
4316477,2524
4217154,1352
4300554,1466
5209606,3152
3166600,728
3514957,1997
3533700,3667
2101806,4164
5206305,2498
3536570,1760
2207793,2989
4307450,2781
1507755,3652
2404804,1885
4304655,2718
4306957,2469
4118451,4563
4312054,3559
2304806,1029
1703883,1522
1718907,3686
4323754,2810
4312955,1753
4317756,1777
3165800,1534
4322558,1720
2313005,2916
4214102,1874
4107108,4330
2304608,1123
3507209,844
3106200,2205367
4120804,18784
4126256,96327
2704302,774184
2302602,8945
3153707,2851
4208203,187956
2615409,29165
2614808,15096
5201405,437032
5211503,86058
5202155,5782
5206206,46747
3105608,111036
2919504,36784
2929602,14882
2919553,61204
2613107,29869
2613909,68989
4118204,127308
4128104,92291
4117602,37008
4120606,40874
2113009,19509
4304606,286720
4305108,396842
3135407,6429
3120904,67923
3158201,10333
2311207,7325
2305902,11772
4213203,25717
2111300,904340
2202737,3476
2206720,6414
2202307,14905
2205706,23171
5105150,34201
2919801,29631
2307650,165942
2304285,48960
4317103,62843
5220009,9399
2901601,10184
2913200,19857
2933604,30736
2902104,35054
3136553,3561
3165008,9036
3133808,72663
3110202,4063
2608800,32627
2616183,6440
2601003,8304
4202602,6815
4218202,35832
3300456,314441
5002704,709943
5006275,4884
5003488,8556
4104006,38138
4107603,13806
4113205,38819
4119954,24779
3547502,23186
3518206,26597
3549904,619268
3139003,30103
3162401,18546
3120805,13577
3164605,8434
3157807,158164
3301900,165185
3305802,124054
2925204,28719
2926806,10473
2932804,12471
3544004,27303
3520509,217912
3510609,291819
5213004,7907
5209101,29678
1506195,16102
1505031,16490
1501303,93832
1502103,92394
1508100,67504
1500800,350567
1702406,8179
4211900,155456
2602803,38084
2611804,27093
2608701,10156
3305554,57572
3300407,123244
4106803,13937
4116950,4821
4118501,74324
1502756,22036
4313706,27750
4311007,22186
3164308,6462
3137809,16984
3134400,29215
3133600,8866
3127206,3719
3135100,44888
2313401,58429
4203501,7357
4211751,14387
4215901,2789
4208609,3702
4202305,58850
4202909,108678
4316709,7004
2930501,61030
2915601,32196
3527306,42554
3522307,145061
3530508,57210
3119005,2568
3159357,5215
1100205,375554
1100056,12438
1100130,22552
5200175,4127
5211701,5224
5217302,25804
5205497,56792
5201454,2276
5205109,89704
4108452,4293
4124103,36645
2310308,7581
2311900,2661
3303203,112083
4322103,4674
4322608,58713
4303558,2540
3554805,42360
3548708,678263
3504503,79334
3304144,97384
2208007,65394
2203420,3068
2202703,19638
2210623,2983
2209104,5031
2207702,115375
4209003,25855
3543907,158157
3537008,15467
3204906,105019
3205200,405097
3203320,34756
3146008,25514
3202504,10127
2516201,50683
2504405,14904
3541505,30614
5215405,3119
5217708,14835
4107207,35108
4314753,1923
4311403,71166
4308003,5841
4311908,3882
2700300,167106
2701308,11993
2706703,42296
2707305,16180
2306306,13631
2933257,5027
2918001,124667
4214805,55456
4211702,19603
4208807,16906
4207205,9313
4127601,14095
3106002,7623
3126505,6416
3157252,6818
3138682,4585
3125804,2290
3158953,25186
5102637,29144
5106703,1610
5107156,1681
3160306,8284
3300233,29608
2301257,2291
2312205,12436
2926400,23092
2918506,12157
2924009,85588
3525201,29128
3552304,6268
4218608,5813
2912806,7289
2912509,10513
2906006,48626
1507607,37948
5205471,8388
4120002,9916
3106408,7351
3116001,4980
5209150,3909
5210901,16952
2906204,19546
3556701,66157
3149309,47172
3517307,4602
2103000,126040
2103554,8119
2100477,18609
2103604,38381
2100055,68388
2306009,3629
2310100,6253
5104526,5768
5107776,4555
4310330,22608
4314423,4785
4306759,1703
3534302,33116
4206207,9049
4204350,4038
4212304,6762
4200705,8040
4313656,11398
4119301,24309
4304507,45555
4307500,12811
4306056,6597
5008305,105702
3133709,9211
3160959,4629
5106505,27809
5101902,10815
2408102,675398
2408003,226524
4109609,31898
4113908,11112
4102505,8666
2914109,8163
2307601,11576
2302404,10049
2300507,8752
4128559,6750
1505304,48073
1300508,22661
1304062,26581
4306932,7198
2106326,8940
2107100,9504
2108801,10229
1721208,15552
1702703,2613
1716505,10146
1712801,1943
4119806,10793
4120507,8688
4111555,6013
2606606,19672
2608008,11626
2614600,21806
2604007,58728
2601102,62048
2615805,15393
2608909,49413
3553609,10885
3530300,51427
1508084,20328
3154457,5496
3509452,5757
4309308,75441
5205307,7603
5205513,15966
3521101,5597
3535705,5092
3500709,36047
2503209,54247
2500403,15937
2513901,25478
3200201,25685
3205069,21733
2903805,12377
2923308,6552
1101435,5128
1101500,7877
1100031,4544
2200459,4498
2208908,4918
4207502,51092
4219200,4898
2900801,14556
2924504,12220
2917003,26014
2927705,21043
2905800,22416
3109501,9954
3154101,8024
2606309,6117
3171907,4007
3151909,7366
3118106,3964
3107406,40679
3162104,32734
2512101,27053
2500809,12941
2511707,4129
2500734,2001
3302106,19004
3303955,22203
2705705,15577
3156601,7092
3511102,102194
3545308,37844
2107308,3156
3544202,10437
3504404,10119
1300805,17584
3543006,14987
5003256,21634
5001904,19224
5003504,4270
2610509,21511
3533403,48597
3540002,17771
2606101,22112
4306700,2739
4306320,2448
3107109,30712
3553955,12579
3533502,33942
2201770,4970
2202752,4969
2201945,4847
2202117,3924
3555000,59252
3536505,89616
3542602,48499
3159100,3396
3111101,15711
3111002,17548
3100203,19127
1200203,66932
1713205,13581
2511301,12436
2807402,40212
2408904,17373
2407401,7304
2407708,10284
2404200,21105
4308052,1857
4303509,53677
2705002,14704
2708709,5523
2702108,10287
3557006,91082
2907558,6999
5003900,2592
2102556,7906
2107605,13082
2102077,7032
5207907,8361
5220686,5419
5200050,8024
1100908,3198
2110104,16236
2100808,10637
2106102,7778
2102200,18972
3160454,5271
3144102,18514
5004601,15493
5205703,2022
3144672,2593
3112604,12513
3510005,25435
3538204,13227
3527405,17704
3202454,20833
3200300,12143
3203056,22978
2509800,7014
2504355,4106
5004106,7823
3506607,25375
2704500,21534
3539400,12387
3517505,18353
2505238,5184
2515104,8734
2108405,6955
4301107,11998
4318424,4047
3115706,4657
3527009,6226
3533106,2584
3557303,9317
3150802,12263
3524105,33505
3515202,8631
5214101,3516
3507407,13672
2209153,2834
3120839,3729
4201604,3188
1304401,11318
2806701,16194
2803708,5521
2801009,14069
2605202,46708
2611903,17391
2603504,12617
3519006,10708
4308458,4131
2602209,26468
2603926,11216
3514106,21419
2206001,3397
3128709,40996
3154309,12797
3127800,10476
4127403,13039
4128633,4542
3555109,14440
3501301,20566
2615201,6870
3551504,21079
3540408,3786
2514503,15383
3203163,10247
3203700,15535
1400282,4433
2104503,6359
2101004,14915
3556404,66787
4305009,7543
4319505,19691
3551108,8739
2107704,13373
2106607,21463
3133204,8864
3512407,20991
2112100,15801
2703403,4269
3526001,17670
3137908,3186
3532405,16027
3170503,9099
3166808,11408
2915353,8545
2909901,23339
4104428,11924
3121902,3234
5105200,8704
4310405,5322
1600303,341930
2106359,3255
2111763,8982
3502606,5458
2203503,11172
2203230,4143
2203354,5240
2200509,14417
3122108,3593
3159308,4057
3129707,9575
2930766,8403
4109500,6635
3164209,6106
3115458,4780
3526209,27012
3546603,30580
4120853,3509
4112603,1186
2108454,13891
3519253,7751
3543600,3664
2806107,7850
2801405,15984
3301108,16164
1304260,7701
4206801,2988
2604809,8343
2202174,5371
1300201,7909
3201001,12720
1100502,6408
3529203,22481
2609154,11707
3158508,6741
4300034,4252
4315149,2624
4313201,17734
4313300,21384
4120309,3241
2807600,9258
3532009,11718
2501609,10608
2109007,15959
3121209,6468
3142403,6374
3170578,4969
4219002,17432
4210555,1913
4203303,10185
3104304,11029
4121406,14509
4104600,12259
3500808,3969
4111506,27514
2301406,9890
2921807,9374
2930303,13464
2924678,5450
2902500,10410
3138674,5561
2605707,22342
3161205,5810
3555356,4735
3133758,12548
3135605,5893
3522802,12299
3143005,12212
3508009,16891
3533205,4765
4319711,1974
3556602,8646
3542701,6013
3133105,12566
5103908,4850
1300144,9114
2911857,12655
2924702,7705
2608404,10923
2611705,16445
2805307,6811
2805901,6949
3127909,1197
3505104,5458
3528809,11324
2801603,4411
2804706,5219
3170909,13287
3127388,3487
4101655,3052
4116604,2910
4209607,11936
4209904,9125
4321469,2605
4309407,20966
3306206,29292
2607703,11567
5209804,2857
2905156,7794
2931004,11010
2701357,4131
2928406,22038
2311959,9682
4215653,7514
2409407,21825
2401107,19886
2411502,16057
2405801,26739
3137403,10324
3160405,21926
1501006,7856
1505007,10497
1507904,15571
2912103,17405
2926707,11328
2929701,12655
2206951,2561
2200905,4815
1708205,12946
4311502,6203
3106507,8116
2909802,47235
2400703,11202
3144508,7293
1709807,1422
3540259,3614
2414803,9555
2413904,14377
2403608,27181
4300638,4062
2307700,11980
4210407,5657
2310951,8304
3161650,2517
2104107,8742
2105948,6113
2403202,5607
2707008,1822
2908606,18490
2607752,24183
2314102,9479
2308401,5312
4219176,3858
2608750,17950
2917300,16395
2914901,17056
4321436,9044
2110658,5531
3112000,12454
4202701,4602
4310504,5717
4301701,5715
2406403,2121
2500502,10724
4301651,5010
2208858,3383
2208650,7491
4114906,7134
2309458,5199
4110078,10268
2404705,11279
5201702,14250
5203807,4990
2907608,13133
2911105,18772
2701803,5707
4209854,3988
2925105,36124
4312658,15225
1301407,17251
4202081,2619
2401404,7489
2403301,4796
2401602,3304
2413409,6130
2409332,3779
2403707,7077
2925907,20595
2922755,4792
2412906,8051
2208874,3242
2616100,7224
1504950,9529
5220207,17083
4302451,5492
4307104,5534
4203956,17461
3554706,8271
3511607,16001
3550803,9354
2502508,13664
2202059,7710
2201606,7986
2310001,2979
2106375,6097
3539509,29130
3158904,6841
5200555,5298
4123402,9193
3170651,3513
3519204,5467
3110301,11541
3139250,4907
2902203,8272
4121000,8900
4300208,5853
2910404,14392
3304805,15212
3170479,2904
3104502,13555
5205455,7151
1701903,4501
2910776,4580
4310538,4303
4127882,5316
3503000,4860
2513802,4347
3121100,6264
1702554,12230
1703701,3504
3300936,12748
2400109,7721
3539707,2747
5204805,5829
1718451,1728
1718006,2038
2612455,10521
4127965,12205
4102208,3719
1717909,4761
4311429,1957
4313060,16043
4314704,8209
2903607,12373
3167806,3495
2931806,8336
3155207,4735
4216404,6672
1300086,6277
3135076,3249
3119609,2564
3139706,5747
4213153,2643
4313607,3344
5218706,3704
5221908,3198
1500347,8684
5107198,2114
4121604,5622
3521309,13124
4109005,3682
2931103,6265
4103057,6611
2701100,6604
3123502,1574
1304302,10521
3163904,4289
3150158,6316
5210604,4418
3130705,5158
2906824,11566
3153301,2767
2612901,6896
5102603,10183
3525607,3637
3536802,5694
2202075,2666
2203602,3593
3131109,5898
1500503,37200
3159001,4284
2903235,10751
3501202,3449
3139102,4722
3118908,7010
3132602,3163
2706109,8223
4201109,2991
2305233,7108
4306452,2794
3104403,2266
3128253,3958
3119708,2997
3162575,4288
2202251,2848
1200179,5875
2100550,4174
3135506,8979
5107792,2922
2301950,3054
5105903,12408
1720499,3112
1715507,884
4120101,3665
4203253,2404
4305116,2538
3162948,6053
2501351,3214
4308656,2443
4211256,2478
3130655,5087
4206652,5149
3163102,3707
2106755,11277
4315156,4888
2415008,2311
4110805,8550
4125209,8032
3162559,8214
3556909,6795
4305587,2166
3136603,4967
2515807,6106
3546256,1895
4311734,2543
3536406,6272
5221577,2393
2201556,3353
4125753,5091
3166956,3022
3166105,2933
2702801,7476
3115904,3300
4125902,2278
2210052,4532
3142254,2931
2202091,4323
3115359,4738
2502201,2345
2107456,8566
4307203,4245
4311155,6308
2901957,5770
4207106,10449
4203154,1824
4204152,2475
2608255,8477
1710904,2755
4303400,3974
4205175,1813
2401800,8882
4302378,1843
2411007,3815
2919009,3046
2305357,7794
3143708,2545
4106456,5479
4112900,2611
4120358,4542
4207908,8644
2205250,3473
4315008,4002
4314001,6254
4200309,4659
3127503,4161
2912004,8202
4108106,2359
4114351,2392
3126000,6187
4125308,4670
3543238,1884
3138906,5293
2300606,2527
2504207,3599
2505352,3687
4104105,6397
3116100,8066
3522000,3217
1720937,1592
4302402,10003
4319737,2148
4316436,2388
2900603,3279
5219209,2374
4103040,5247
3549250,1604
2204550,3502
2700904,5064
3108503,4428
3104700,9391
4204103,3718
2513653,2104
3136959,4549
4311270,1577
2203255,3541
2205359,2508
2503605,5283
3149606,3504
3164902,1687
3152600,5946
4208955,1530
5007505,4519
3516507,2405
3544400,2488
3531001,1812
3135902,4171
2918753,9631
3158409,2917
3530409,4349
3138351,3583
3500907,3022
3541109,3438
3520608,4114
3503950,1651
5101852,4560
3529104,1916
5208301,4158
3122470,3052
3168051,3041
3532843,2316
4213302,4148
4107520,1774
1715002,2835
4306379,2590
2210904,3496
2513851,2375
4215687,1871
3157401,4441
4302154,1775
5204201,1255
4314555,2134
2915403,4615
4200051,2644
4219150,2375
1711803,1570
5107263,2608
2313252,1656
2202539,4698
3501509,2579
4305124,5371
3116308,4878
2510709,1862
5203962,2375
3135001,2514
2207777,4860
5214804,1786
2207355,2495
4110300,2311
4204756,1774
2514651,1267
4108551,2605
2410603,2533
2402105,1260
5200902,2741
4218756,4247
4305850,2150
2304657,2351
4311643,1382
2312601,1421
5219506,2156
3515806,1574
5200159,1835
3300100,139895
3304557,5929188
3300209,111921
2501104,19029
2513943,2187
2501906,14104
2514107,3355
2509305,6238
2504009,322738
2505600,5071
2513109,10033
2505105,16565
4322202,17419
4317400,42366
2312908,179865
3170206,598678
3132305,8226
4203402,6172
3301009,387575
2610707,211528
2601409,29054
2605301,24430
5214606,29123
3117009,5531
3122306,178289
3159605,34252
2905701,219886
2925303,108147
2933307,278883
2600104,30582
2616001,12225
4108304,231608
4314050,42993
4317608,36097
3164704,44693
3161056,2765
3152303,8094
2305803,20578
4205100,3459
4202107,28828
2105104,14696
2110708,22780
2103307,77470
1501782,27021
1501402,1159192
2910057,54233
2926301,26832
2922656,10046
2914802,139996
2311702,14929
4321006,8784
4321501,38912
5208509,4408
3129806,128438
3163706,37213
3118700,7617
4210605,13708
4202404,280833
4200408,5674
4206306,17669
3300704,183157
3303906,234898
3300308,64779
3302007,99002
5007554,6269
5007406,15167
1500404,30663
4102307,11434
4125506,243863
4121505,12355
4104204,101782
3535200,7999
3534401,625749
3545803,154396
3509502,998095
3519055,13930
3171600,9404
3108305,14764
3146305,12700
3302502,190404
3302858,129655
1301902,64967
1301209,39118
5108402,199862
5107180,7261
2929305,27571
2907806,24702
2925808,19129
2924405,22118
2906501,65184
3550605,74812
3520442,22687
5200258,153507
1506807,242050
1502202,50470
1505502,70336
1506583,9432
1503754,6834
1508159,17907
1501204,19906
1721000,222313
1713700,1650
1709302,17868
3302270,71558
5209291,3502
5220504,6955
5219753,45776
2606200,67944
2603009,26709
3302809,14516
3305752,24784
4116109,9446
1506609,15946
1508308,28799
4323002,191128
4313904,33980
4314027,5693
4304705,50858
4303707,4965
4323200,2591
3134905,20334
3117504,19528
3151701,14027
3118403,29275
4202537,1984
4205803,13816
4215109,9481
4207650,7941
4206504,29781
4208708,8813
4202073,10357
4314100,171592
3522208,134829
3539301,62655
3518602,32101
3502705,20746
3170404,66098
3105301,5058
3155801,13048
5218904,16004
3508504,79631
3504107,129469
3530607,357654
3525003,96676
2612307,11561
2601201,62414
4100400,85651
4101507,102051
4125001,9085
3529401,342295
3301850,46034
4302105,100744
4301305,14797
4322400,96775
4309571,2200
4315552,2350
3531308,41677
3551801,12944
3306107,62410
1508357,11074
1507979,11547
1503804,26452
2206654,3306
2207504,9776
4208302,56476
4217501,15543
4206108,5426
3516804,3045
3522406,78647
3537503,6891
3203502,16397
3205309,338044
3203908,40538
3203353,11339
3102852,5919
2514701,3502
2511400,15142
2500304,22745
3509908,10877
3552403,235919
3509007,80070
5219902,9946
4303103,102292
4310603,29692
2709202,16565
2709301,42625
4304713,6194
2702355,16738
2304954,3193
2901403,10782
2901106,17217
4214003,14609
4212502,27518
1303957,6290
1302405,27368
4103701,86296
4111001,5154
3141900,3308
5100201,21947
5103106,5130
3305505,73809
2306256,46513
2308708,20710
2302800,12181
2916500,20828
2913705,24819
2922508,18834
2920502,21318
4208500,20837
4219705,23622
4212270,3430
2930154,21022
2931053,14345
1506187,24139
1506005,22590
1504307,14497
5220264,3357
3105103,19884
3166709,6226
5203575,3007
5213905,3849
5217203,9138
2910701,48602
2921906,8571
2904100,13629
3512209,27767
3115300,54259
3149101,9206
3152105,51825
3542206,25112
3535309,18249
3538006,135475
3520426,11676
2109452,22211
2103174,18300
2311355,3895
2302206,9288
5108600,11803
3530805,80500
3518404,100327
3500501,17244
2914703,48650
4216503,21794
4218301,15370
4203006,59930
4211207,14032
3520103,23050
4312450,5600
5003306,26823
5007695,23744
5007208,27796
3101102,18647
3151503,28200
3136306,41410
5102702,14831
5106281,4777
5106158,8367
2403251,189094
2404507,20692
2406106,14536
2409803,10895
2407104,55556
2412005,77395
2400802,8986
4105706,12872
4113304,26914
2917102,13546
2303907,2238
1500701,17811
1301100,20949
1300102,7690
2105500,14602
2111953,4232
2110039,11401
2105153,8809
1708304,3574
1707652,3576
1716208,7399
1707207,4883
1718659,1341
2608107,23115
1503705,26288
2604700,11208
3172103,4061
3115805,7094
3547700,16061
4306908,20086
5213756,11005
5220405,13939
3527207,71751
3501707,29852
3542909,9964
2516300,13880
2501708,4851
1100080,8899
1100403,10857
2205508,31041
2209708,4759
2202653,3999
4211652,2272
4218004,32484
1508407,27089
2311108,3716
2923506,9666
2932309,12417
3121407,6711
2612604,30057
3201803,4205
3200409,25944
2509107,17028
2506004,24630
3144003,21734
3304755,35060
2702306,39628
3120409,4351
3117603,5384
3106309,19127
4305405,3271
4115309,5241
4319604,19205
3526100,15137
3126307,2877
3531902,23893
1300607,22824
1303536,22839
3546702,20367
5002951,25684
5007109,17354
2607208,82790
3503802,44514
2605400,17233
2605004,17386
4310306,3580
4314605,15583
3151008,6469
3117108,8656
3111507,7672
3141801,19315
2209302,4619
3521705,15614
3129202,5133
3114600,3717
1301506,9932
1200450,15899
2501302,14509
2804805,133410
2802908,75435
2801702,11188
2803500,79854
2803005,31145
2805406,23612
2807105,25510
4122404,55644
4114609,43036
4101051,2665
4114807,31770
4103222,2912
2412203,28965
2405702,15400
2400307,6754
4307559,4841
4311304,22955
4315305,17585
4311106,9693
2703304,10040
2701407,26734
2709103,14452
3510500,106364
3540606,47650
2910859,13273
2913804,9824
2916302,7067
5006309,35234
5001508,6036
5005608,21092
2101400,69586
2104701,3482
2100956,16273
2901908,10112
2930907,9200
2112506,34234
2110237,6221
2105351,6113
3122454,6530
5006002,17237
5211602,2118
3109709,9504
3522901,11403
3509254,25712
3204351,17258
3204054,17858
3200508,6113
2609402,46858
2600906,14776
2612703,10151
2513703,104888
5003801,17578
3143104,39288
3119906,3262
4109708,22609
4108650,5736
3512001,15754
2516409,6230
2516904,11782
2100907,28861
3521408,18815
2102804,15277
2100204,17881
2111789,7398
3205176,13067
3536703,37967
3169406,45703
3514007,7296
3510401,43533
3514908,15004
5221452,2646
5204300,11152
5218391,2959
3516606,5804
4310801,18676
3515103,54296
2802601,4577
2800407,8081
2604155,9819
4322905,4129
3551207,3173
2607505,19663
2203750,4302
3154507,6340
3148707,17206
5105176,14180
5106190,3204
3543501,4911
5008008,13772
3503604,8240
4116208,14265
4127304,12643
2515971,6405
2516151,2878
4102109,20726
4122602,7722
2613305,14919
2502706,3956
3532058,3645
2507408,6199
2513000,2483
2101509,14459
1400506,3750
3153004,3112
3152402,11522
2106631,5702
2101970,4046
3521002,27815
2706000,7657
3142106,7536
3122504,4414
4125100,11354
4112751,7873
4117222,6583
5002001,8876
5002605,10897
3164506,6965
3109402,18417
3115474,3957
3147204,16730
2920403,10587
2500536,4554
4111605,2779
4103958,3610
3167608,14977
3156007,8436
5106828,8126
5106778,7411
3168804,6528
5209903,9250
3204302,11627
1600501,13907
1600600,85776
2111409,12718
2111805,11163
3556008,11774
2928059,8015
2901502,8253
4105003,7427
4126652,2938
4104253,22892
3143609,2079
3544509,3796
3517703,16305
3515350,7162
3540903,15497
4313375,23379
4315313,1358
4319208,4362
4206702,17434
2204659,7637
2205904,4159
1301001,17879
3204252,6082
3516903,8960
5106240,9131
3515194,8382
3124005,16968
4114203,29244
2505808,2946
2510006,6124
3500402,6894
3166006,4511
3145109,13377
5207253,5210
5212709,5994
5221007,3315
3534005,3984
3525508,11712
2514800,2949
3144300,29051
3165552,7425
3514502,10977
3511904,6284
2309607,9977
2308351,3199
3125606,4914
3137304,2976
2211100,32979
2209856,3458
2932101,11581
2915007,8667
2905305,13889
2603405,4997
3162708,16354
3102308,12692
3128402,6640
3133501,18105
4127502,15811
4122008,11856
3200706,9287
3507159,3159
1500305,25983
3165206,5764
4309605,15520
4312500,10566
2933000,19774
3532306,5808
3544806,5442
2611507,14524
2607604,18942
2201929,4287
2207108,2193
2210631,3793
3548104,5334
2801504,10095
2802304,12138
4101705,11977
5212808,7806
4114500,11510
2709400,18066
4212908,16936
4205159,3051
2300903,2050
2313807,11583
4316303,5690
4309951,3235
4319703,2992
2407906,3347
2401206,10604
1501600,7331
2923803,22357
2911253,3533
2205565,5034
4117255,8526
1712405,2424
1707553,2762
1703305,2865
1706100,5181
1707306,3387
1304005,8395
3518008,1844
4213104,4719
2611200,8503
5107701,12436
5101209,897
2920304,7323
2105963,5604
2410405,12380
3162302,2410
2400604,3765
2413359,9164
3300951,7669
2929206,31011
4201505,6983
3518107,5496
2307304,42482
2301307,4049
4203907,18249
2206902,4864
2204907,6548
2922805,5987
1503093,17084
2913507,10535
2933505,15233
5219100,5045
4218400,6226
4204707,9752
2902609,13688
2928505,8063
5207352,3120
4217253,5403
4312203,3631
4304622,1665
2404002,3285
4215075,4058
4216909,19003
2805208,4917
3505351,4534
2910909,2089
2413805,2979
2106201,3950
2304509,2856
4210803,5791
4307401,2784
2917904,6453
3119955,5126
5203203,8542
4314506,10236
4319109,4771
4316451,8803
2411601,3500
4218806,10558
2512077,3645
2209559,3479
3300258,28983
2300705,6626
4311700,4775
4121257,3303
4126900,4657
2706208,3231
4116703,10447
4100905,4293
2508208,6071
5219704,7571
3134301,4831
2918308,9456
2806602,7023
2903409,12439
4103206,5495
2515906,4281
3126604,5585
2925931,7873
4114401,13883
3131406,3253
3155405,6863
3154705,3292
3524907,4943
2313203,5946
2301802,1686
4320263,5691
2507606,6451
3148806,3012
4107157,3853
3121308,4048
3162203,6188
3117207,2357
3147709,7292
1507508,6883
5215652,2762
1714880,7635
3125309,2786
3103751,6169
3544707,2126
2909000,6208
1718840,2769
5210562,4490
2309102,2306
3305307,6663
4103305,6468
2413102,966
2310209,5098
4122701,6694
2922730,6154
4300307,5308
2406007,5628
2412559,7804
4216255,5384
2915106,9684
2910305,6458
2102358,8180
3105202,3914
4207684,3036
5107248,3592
5106851,3314
5108105,2552
5106000,4846
2201960,6081
2208502,8982
2205516,3967
2201408,4526
2209757,3744
2904803,5168
2105922,7442
2927804,3913
1600253,3610
3125002,3281
3168507,9952
3107703,4933
3123205,11397
4109104,1844
3549300,2001
4314175,2142
3546108,2169
3115508,18598
1101104,7451
4113007,5385
4126355,4174
3542107,8044
3519402,10706
5220058,1591
4126801,12519
2931608,8685
5107404,3097
4119251,2287
2104404,10622
3105707,5047
2104909,8605
2908309,14095
3138625,7051
2931707,9419
2933174,7777
2926657,3138
3202702,12103
3171709,7300
5106273,2707
1718402,2405
3165602,1862
2200251,5703
2503555,5443
2916609,5475
3515608,5113
3303005,20822
3111150,3032
4306973,2523
5211008,5762
3119203,7074
3509304,9102
4323705,2355
3159506,4379
3553104,5003
5203609,3284
5002803,4614
5207402,10119
4316733,1522
3542008,5712
3122207,5594
4313003,2747
2505402,6542
5222054,7542
2304202,8777
5219605,2904
4301206,10141
3107604,3685
1714203,6189
4106209,15039
2511806,7748
3303104,11714
2602506,6174
4312153,4074
3116159,9389
2500577,2306
2403756,3791
3545506,3160
1101401,9683
3165503,4546
5002159,6324
5214408,7216
2104305,6156
4302055,1814
2200608,5352
4306353,2099
4214151,2580
4215752,2246
2206357,4817
3155306,4607
2102754,7789
4115739,2885
2516805,7220
2210383,1954
2203800,3280
3530904,3479
3116209,2318
3136900,8382
4115002,6178
2200202,13962
3547205,1372
4309001,12779
3152170,8320
4202099,1572
2100402,4226
4124202,2234
5200829,2614
5219357,3348
3121001,4013
3554656,2484
4314308,3248
2800704,4530
4309902,5982
5206800,2568
2806800,7697
2205854,5637
4110003,3921
2928950,7108
2909505,4282
2109700,4074
2306801,1809
4312625,1431
3114550,7911
2918902,4043
4118709,5635
4126702,4019
2802007,3606
2111250,4920
4110656,2046
2502805,10419
2414456,2780
1713809,3344
3101409,2449
2411429,2127
4123600,1510
3114808,3910
1718709,2027
1703206,3331
4310850,3217
4201653,2282
5210802,3711
1600154,8487
3555703,1444
4115457,3599
3170529,7372
4200507,4880
2506509,2670
3163003,3028
4116000,1719
3160207,3150
4119707,3565
2206670,4974
1722107,7883
4321329,2574
2210102,2576
4305157,2085
4322525,2906
4215059,2078
5213400,1446
5106455,2484
2910206,3494
2512754,3555
2204600,3012
2109551,4821
3106101,2581
5214903,2377
2515708,2587
4118857,5499
2508505,5482
2614303,8773
4318051,2499
2513356,2626
3501806,5027
4216008,8240
1720978,2006
1500131,4446
3542800,2899
2209203,4590
4122172,3273
4307815,2824
4314464,1972
2914208,4508
3108800,3971
3537701,4783
2502052,2797
2312809,1043
2405207,7537
1705102,2533
4305132,3288
5207808,8984
3140407,2671
4126207,5450
3103702,6719
4314456,2493
2305100,1582
2703908,2642
4101853,2085
4320453,1827
2807303,2445
2201572,2727
4322855,1678
3554201,3707
3150208,3194
1720853,1352
4315172,1777
2207306,3363
4117453,4870
3157609,2860
4205357,1542
4102703,2585
4315057,2079
3136520,2747
4204194,2379
5208103,3693
5207501,2758
2300101,1120
3156205,2068
4312427,2403
3538303,2849
3142502,1899
3554607,2369
5220280,1849
2206308,1221
5212600,2263
3532868,1102
2414902,65
2410801,380
3303500,571014
2507507,683976
2304400,5035547
3154408,4274
4212007,5919
2609600,250943
5201108,307311
5208707,1151891
5208004,89670
5211305,4748
3140506,11448
2927507,16549
4108403,77914
4318705,180178
4302709,16009
4316402,31713
4321600,45299
4300604,148444
2904704,24647
2904308,9008
2923704,22552
2910727,76586
3127701,201275
2305209,3503
4213401,8464
4216206,63340
2105005,13107
2103208,49955
2103703,21079
2111102,21394
2112605,18261
2203909,50677
2201051,5748
5103353,23501
5107875,20769
2900702,121212
2933208,27514
2313302,12904
2311801,13512
4321907,21095
5211909,81443
2903904,43602
2911204,19859
2930402,12610
2914505,21685
2928703,82385
3120607,4795
3137205,41562
2612208,52346
4203204,66390
3305158,17835
5005400,31150
4105805,192498
4115804,40177
3537305,52719
3553401,22005
3518800,1098643
3124104,53343
3148004,131727
3157005,27185
3123007,9156
3145901,32176
3162005,18898
3120102,3729
3304706,29624
1301704,33897
1301605,10084
5103403,484205
5100607,7839
5107040,58617
5106307,16905
2907301,20305
2909307,26276
2901007,29498
2916401,47536
2908408,51492
2928901,30848
2906600,11147
3515707,137272
3516309,142653
3523107,291722
3549805,410671
3513702,29059
3538907,19644
5210000,42251
5200308,22391
5218508,39875
5214051,5063
1504208,172470
1502152,49279
1505106,38405
1504422,90475
1505700,18875
1500206,34172
1716109,38525
1703073,2841
1705508,23191
1701051,1933
1718899,1552
3304003,22644
5212501,151612
5215231,76482
5212105,5921
5213806,38119
5212055,1876
4213005,2949
2610806,14850
2604601,17899
3301876,27554
4107546,3813
4125605,36729
1505536,186506
1502954,12923
3128204,8059
2311264,5329
2304251,6005
4211603,11934
4207007,41604
4202057,10206
4200101,13244
4212809,21045
4219309,44154
4202008,120984
4302600,2838
2922052,9756
2923407,16827
3525805,3795
3547809,649827
3507605,154235
3515004,215457
3555406,82948
3539608,3881
3525904,366787
3523404,101011
3543105,7486
3503307,111415
3554102,262387
3518305,27495
3114402,16403
3103405,26053
1100023,73351
1101492,10970
1100304,73623
5206909,1768
3540754,19656
3553658,2378
2610103,5236
4122305,25152
4106852,2379
4127908,6836
2303501,47701
3522604,63652
3533254,3854
4319406,13495
4314787,1430
4315404,7027
3550407,31575
3540804,15378
2605905,14971
2606002,115850
2605103,26526
1503507,23597
2208304,23120
2201101,8736
2207900,31829
2203008,5581
2210805,9710
3303856,22369
3530706,126920
3516200,295967
3524006,55230
3506706,11442
3529302,71829
3522505,201419
3202652,10980
3200607,83997
3119500,6639
3145208,75637
3202801,32429
2508307,20941
2515302,39418
2506301,45593
2506103,9202
3519600,50674
3512902,7340
3511003,16758
3533908,44363
3548500,384182
3521150,4918
4100103,6230
4318507,21583
4316808,111964
4312401,54868
2705200,11417
2707107,17582
2704708,42669
2705309,3880
2703809,12164
4312906,7742
2707503,14066
2705101,14533
2902708,35698
2900306,8984
2927200,22909
4203105,5160
4201950,11663
4205191,2001
4220000,12570
4101804,120456
4106001,6674
4109807,43316
4124806,9332
3151206,43330
3168705,63583
3169356,24316
3168002,21903
3140100,3213
5108501,7205
5106422,21135
5107800,15199
5103056,7800
5104104,22355
5103452,5236
5107909,121109
3169307,62496
3124807,5817
3110608,23960
2311405,14231
2917805,10418
3529005,201083
3527801,3582
4201406,53828
2922904,18196
2926202,17383
2903953,6759
5222302,4363
5203559,8108
4102406,26534
4112702,10106
4104402,12459
5209705,17299
2932705,15871
2920908,7632
2913903,31512
3511201,6335
3507803,20986
3501905,62303
3118007,49817
3513405,67580
4125407,4702
2110005,38765
2306405,14650
5101704,23890
5102678,36946
4308805,6516
4320107,18863
3515509,61917
2907103,22483
2910750,15153
2922706,10552
4214201,9305
4215505,11759
4202453,17753
4321808,21027
4319802,6967
4318606,5891
4323804,13552
4311775,6174
5007976,2949
5005152,5642
3162922,28403
3150703,5460
5107768,3376
2408805,4196
2414001,10377
4127858,8908
4113759,4186
4104055,3242
4121703,20777
4115705,33326
4122156,11653
2312304,9559
2303105,3208
3305604,17694
1504455,11551
1304203,49244
1301308,13063
4315750,3748
4314035,3239
2102002,17553
2101202,71167
1707009,14987
4110953,9272
4107652,97795
4128500,15896
1505601,5642
1500107,115161
2606408,63679
2605806,10470
3538600,24457
3147808,1976
3117702,10753
3168408,11011
4301859,2481
4305306,7870
4310108,28159
5212956,3588
3554508,33461
3506359,57414
2512903,18635
2511202,21384
2512788,1689
1100924,6916
2202604,15601
2210607,29837
2210201,5136
3304409,15025
4218103,4130
1504505,11766
1502608,8721
2912202,14589
2911303,8995
2905404,13192
3143401,18468
3127107,44569
2615102,5429
2604205,23021
1503457,19936
1504604,18426
3109006,34397
3107307,34272
2516508,11213
2501203,5591
2507705,12359
2313955,4609
5105002,6830
2702900,26795
3128105,11328
3117876,11022
3509205,66108
3128907,7166
4302006,7868
3100104,5752
3120706,3691
1303601,6898
3509601,66074
5005004,20355
2616308,22260
3555802,7642
2608206,10281
2612554,9372
4304408,73341
3150406,4362
3107505,6042
3545209,103823
2208809,12467
2205524,4218
3545159,8117
1200609,26905
1200500,26885
2202000,15064
2208601,2685
1718865,4662
2801306,26605
2800605,23456
4110201,8663
2406502,15941
2410306,6298
2403509,6593
2401008,31494
2408953,7935
2405603,11129
4322152,3163
4315206,3267
2704203,17875
2708808,25262
5007802,6476
2103901,5294
2901205,15798
2914000,38253
5206404,13125
1101609,6676
2109403,7481
2110203,25336
2111508,21895
3117801,9488
3129400,4221
5002209,18352
5204557,3216
5209937,4910
3112307,31753
3521606,7115
3513504,92879
3532603,8981
3202603,11409
3200102,25860
2615706,11808
2513158,5345
3137502,15780
3112208,4095
3128303,16223
4109203,4264
4111902,11654
3511508,39543
3101706,30580
3114709,2949
3114303,25597
3137536,6936
3556453,41652
2702405,33638
2514602,2671
2501575,6608
2509396,5339
2106508,22782
3522109,95874
3104601,10057
3136405,3320
3132800,1857
3528403,46880
2201705,4440
2202802,3963
2211357,4253
5006358,10368
3141603,8572
4300505,5798
4316956,5537
4306007,10839
4302303,9658
3502408,3448
3555604,8472
4212106,13321
4216107,7535
1302553,12086
1300631,9682
2803401,9853
2806305,10249
2601904,47935
3512506,4680
3515400,13850
1303908,13873
1303569,16406
3514304,7647
3523602,15031
3546801,46445
2614857,16153
2615508,10303
2610202,17022
2607406,4409
3537404,21018
2205102,8085
3137007,11200
2109809,17823
3500758,4914
3115102,14081
5108808,4001
3534757,8902
1200302,20710
4113809,3999
4117305,19922
2512309,16754
2515401,7995
3557154,2207
4104709,12768
4107009,11795
2607802,12083
2509503,4405
3502200,23224
3513603,18755
4115408,11865
1400704,5505
1400407,5700
2105708,24742
2104800,42748
3541208,13687
3145059,5579
3111408,6618
3504206,11604
3116506,5992
4109757,5059
4126603,18326
2111722,4906
2112001,6454
3529807,9844
3135803,17365
2924207,8962
2927101,7072
4119657,2659
3543253,8180
4308078,3445
3152808,22890
3165537,27870
3111903,4546
3113404,67228
1600402,14772
1600709,9222
3500550,5441
2208700,6274
3533007,17024
3146503,7146
2909406,10353
2921450,6675
3527900,2367
3556958,1640
3544301,8863
3153608,7044
4125555,1864
3550902,12216
3523701,5205
2611002,23294
2804904,10629
2803302,12736
2804458,7368
3303807,28474
3501400,5608
4201901,5255
4207759,3482
3532900,8034
3169703,16544
3112406,5257
3513207,7535
1200435,3707
5002902,18812
3515186,36505
4303806,4500
4302220,2056
4305207,11330
4123709,6919
4108502,9086
2807006,3085
2804409,13552
3503406,7260
3502507,29623
2702603,16102
2704005,15544
2111078,11829
2104057,19355
2104552,11302
1301654,7436
3163508,4962
3104809,3850
5205000,7380
5204904,14853
3530201,13935
3526407,24585
3505302,30362
3520202,9328
5200506,1728
5204607,3164
5106257,16719
4100509,15959
3549953,13803
4115853,4759
4128005,20696
4113601,3794
2308500,8385
2108306,18387
2210656,7433
2209401,4830
3103009,8317
3123908,13376
3132909,8907
3145505,2362
3126802,4280
3120870,5905
3171006,17782
4123006,11293
4100459,3205
4100608,10867
4127007,8057
1507953,41135
3149150,6753
4310553,2723
2924801,14194
3505005,3036
3522653,3679
3540507,8215
2606507,13690
2203107,7806
2211506,2981
2201804,3446
5104807,21865
3504701,4630
4113254,4720
3528858,2750
3553500,6955
3158003,8916
4111258,23393
4310009,17608
4318002,51341
2608503,17928
5212006,2404
3305406,15766
4203600,29035
4200903,4770
2907202,55158
3530003,2633
2706406,16194
2413300,4740
2412500,18991
2400406,2778
3163607,2198
3140852,5541
3119807,2753
1504406,17212
2903003,11767
2925709,10207
2933406,6539
2931509,16509
2210706,10397
4108700,4731
1700400,4901
1707702,4971
1704600,1281
2300200,9172
1301159,13700
4318101,14951
1301803,10098
4306205,9978
1507474,15026
2310803,2831
2901155,12539
2922003,20488
2107001,6102
2107357,10778
2110278,8064
2110856,6061
2407005,7933
2412609,12150
2414407,25654
3145307,20233
2412807,6716
2414100,8206
4317905,12696
4300661,1135
4318408,18057
4309506,6519
2926905,7748
4210001,10494
4206900,14157
3553005,10997
3133006,12352
4205456,22740
4209151,4018
2311306,10919
4209409,36030
4214706,8928
2402907,4413
2407807,17591
2700805,3443
3534104,5385
5204250,6751
3301603,9011
2607000,12646
2910107,10245
2608453,13429
4314159,6063
4315453,1700
4303608,4675
3518859,6380
5205521,2749
3162807,12748
3507308,4027
2503803,5107
4214904,4278
4213500,18990
2210409,13581
4117206,4905
4105607,9706
2410702,2679
2905107,6845
3163409,4380
2924108,5305
4310363,2772
4313359,2970
4316428,2039
3149804,10472
1304104,3860
1302306,7052
3303708,33787
2932200,12814
2410207,6370
2500601,15363
2503753,2795
2510204,4696
2200053,5498
2209658,4550
2306702,4361
4305702,5581
2901304,9497
2918605,6319
5200100,13044
5204102,8452
2102374,5474
4313953,8478
4211108,6870
3100609,10114
5212303,6316
3115607,1090
2929107,15881
2312700,6111
3305133,6124
5217401,27043
5200803,6519
5006903,10996
2108900,11861
2104602,9417
3115409,2978
2904407,5932
3300225,10937
3139607,19428
2900405,9061
2921708,25973
2920452,7543
2924058,8180
2929057,11410
3130408,5039
2105450,5104
2410504,5440
3102704,6567
5216452,2578
2506202,2498
1720804,6521
5004502,14424
5214879,2343
2929354,4349
3161007,14743
3171501,2519
1710706,4112
4320602,3231
4108957,6769
3105004,6370
2303402,2257
1503002,6022
1715101,2836
1706001,3673
2409308,9688
4313425,2785
4309704,3993
2305407,11241
3155702,12782
1714302,3310
2304269,1744
4305900,5688
2904050,11377
2931301,10348
2302701,9400
2411700,3299
3161809,9033
2919959,6295
3150307,4171
3113305,26971
3551405,12282
3525409,2991
2504504,5573
4212056,2015
2913309,4977
2910008,7040
2110401,10905
3130002,2411
3170008,7197
3532702,4235
2616506,9300
5103437,4309
4315131,1551
4302204,5876
3122009,17175
3157658,4668
3138500,4375
3124609,1963
4202438,2882
5103361,2743
2201002,3683
1304237,9302
3108255,7147
3134103,4591
4122107,2913
3549508,6549
3533304,2637
2205458,3965
3205150,8084
1507466,3944
4115358,4915
4110409,3974
3139805,10722
2708907,10380
4215554,2136
4211801,6177
2109056,4253
3136009,10545
2920809,7111
4307864,2287
4211058,7405
2906899,7637
2104628,4233
2505006,11499
5103700,6965
3202553,7566
5218607,9047
4318622,3244
2611533,5432
1100809,16828
5215504,5896
4127809,6812
1101203,5931
4215695,1439
3300159,9241
3127305,4838
5106174,2157
3109204,6952
2307106,5576
3133907,4839
3113602,5538
4303301,4192
3528601,8475
2613800,14263
4320354,4509
3123304,3892
1505494,4447
5209200,12417
2311603,4550
2922607,7142
3141702,4285
4211405,3954
4318614,1992
4312005,1796
2922854,5519
2308302,5628
5205208,4469
2108108,11494
2301505,1073
5103601,6207
2411809,2947
2307635,3453
4318499,2044
1717800,3310
1720101,3279
3167301,2138
3170438,3057
3140308,3447
3159704,2851
3120201,10345
2414308,1937
2702009,7797
5214705,2178
5202502,6581
2107258,3653
2101103,7941
3510153,4345
3124708,3057
3536901,2471
3521200,3295
4320321,2283
2205607,4251
3113701,15759
2510907,9382
4319372,2659
3129905,3035
4112207,4832
3528304,2753
2309508,6800
3146255,3691
2806503,3081
2509602,3391
2509370,2148
3144904,2900
5106232,12549
2917334,8058
2911501,3884
3502002,3890
4215356,3121
2306900,9698
2413201,3093
2924900,6244
1709005,7354
2403905,2321
2605509,8957
1720150,1242
3201704,10772
2709004,4667
4214607,6002
2408508,3892
4300059,3074
4204905,7604
3305901,8294
2500908,9087
2515609,2426
4115903,1824
3131802,8798
3160009,3280
2912608,2946
2107209,6837
3141504,4621
3148509,5578
4321477,4423
3156403,3017
2514909,6357
3122603,4284
4122909,8784
2900900,4116
3160801,4155
3158706,1962
2203404,5481
2607950,7511
3155108,3814
3122702,4403
4217758,2235
3526308,5053
1708254,2456
2308906,2805
3144656,7123
4313466,1459
5106182,3923
5209457,1838
3555307,1839
3109600,3092
2211407,3255
1721307,1424
1719004,2230
4314779,3063
4311759,6069
4213906,1497
3163300,2693
4302659,4708
3523008,3594
3112653,3784
5101001,3038
3152131,3134
4124608,5506
3150000,2995
2510659,1459
3142304,4073
3150109,2368
4316204,4458
1721257,1432
4210308,6352
2207405,3913
2413607,2675
3160900,3111
2502102,4320
4301925,1744
1701101,3191
4314134,1880
2405504,2924
3164803,1374
4112306,3851
4211850,1786
2700607,6146
4201703,5997
4322327,3273
4211876,1667
2201988,2827
3549003,2460
4120655,3625
2412401,3906
4107702,3333
4209177,2034
5221080,2348
2517100,2335
4205555,2027
3121506,2793
5108352,2281
4102752,2797
4306304,3719
2200806,2579
2209955,3721
4301958,2161
4309258,1360
1703909,3233
2512036,3287
5201207,944
2802502,2409
2409506,2852
4319752,2104
5213855,2169
2309904,1604
4319364,1591
2309201,1138
3126109,59039
2513968,2527
2512507,35593
2708006,33212
2703205,17840
4314902,1211750
2313906,8953
2303709,64886
3147006,74257
3131307,190324
4205902,57888
3167202,159999
2611606,1421877
2601607,14732
2607901,483809
5218003,33272
5214002,12403
3147907,85200
3131158,13730
2910800,436769
2601805,9734
4101408,112035
4320404,14186
2927309,12800
2925253,11243
2906105,7632
2916104,16979
2931400,6179
3136702,416024
3119302,24513
2300754,5316
4219606,3395
4210902,3880
4205001,12392
4214508,4894
4205407,469312
2103125,5055
2112456,9911
2211001,707404
2205003,8851
2206696,5622
2204352,4916
1505809,31915
2929750,9281
2914604,57911
2905909,21095
5217104,19726
2921203,19367
3110400,2632
3168606,99344
3124401,5587
2609501,24915
2614204,28178
4217709,21731
3301702,570141
3303401,148995
5006606,86864
5002407,24973
1501907,18033
4117909,27459
3518503,13845
3552809,229429
3552205,602166
3130200,9081
3169901,83655
3141306,3089
3306008,70300
1303809,32038
1300680,11785
5107305,12920
5100300,12682
5100805,6347
2919603,7911
2925758,19947
2932002,20350
3519071,193417
3508702,15798
3526704,84117
5219308,30743
5221858,128777
1508209,22613
1508050,7332
1507300,24602
1506138,53760
1702208,18580
1709500,62545
1722081,6116
3304151,19886
5201801,8960
2613602,26092
4113700,456294
4101200,16520
4103008,3857
4126678,9713
1506302,17376
1506161,11359
1502772,13710
4307708,66281
4308508,26381
4315503,12503
4305355,31367
4301008,17908
4317301,25265
3145604,35281
3159902,14380
2302008,15649
3109303,17098
3136207,61045
3131208,15592
3152501,131991
3118304,96666
4216701,12025
4200606,5532
4215802,65926
4215307,5997
4309100,32879
4322509,53706
2933455,8588
3548807,139081
3534203,5309
3541000,284474
3539202,21260
3549706,47265
3158805,3944
3104007,85420
1100064,13047
1100114,40545
3304607,8146
5219001,7018
5221809,2461
3556305,21324
3505708,236276
3513108,30914
2603108,14965
4127106,63785
4127700,122082
4101101,16653
2307403,4388
3554003,105639
4310751,1757
4317202,63100
4300109,13491
4308102,11032
3300506,22199
2614006,13380
2211308,26688
3306305,235755
3302205,77909
3523909,153067
3507001,50213
3201506,105069
3203346,14635
3201308,295214
3205101,69341
3204500,11012
3131604,5577
3109451,5215
3102209,3808
3203304,11394
3202405,107565
2501401,7445
3509700,43778
4300901,5650
4318903,28981
4314209,6544
4305454,14911
2708402,21653
2706901,25881
3302908,21740
3300902,12388
2702207,4303
2707206,8736
2921005,38737
2915205,10191
2932408,11076
2903508,14861
4211306,63791
4216602,212560
1303205,9602
1300300,24031
4119400,19282
4120903,24801
4115754,8147
3108552,11159
3171204,86902
5101407,17295
5104609,9335
5103502,18766
3101003,9098
3148103,71668
4304804,25637
4301636,12186
2911600,17281
2919306,7964
3513009,201045
2913101,13860
1504059,19864
5221700,11270
4127205,14405
4114104,19822
4106308,13217
4110904,3438
3150539,3502
3165560,2429
3162906,21335
3110905,13655
5214838,9814
2914307,7815
3527108,63990
3508306,3703
2109106,30184
2110302,11843
2101608,54711
2313351,10390
4322376,2161
3502903,27635
3547601,20946
3504909,9223
4317251,1437
4114005,11339
4120333,3352
4314076,5163
4302352,11026
5003702,190210
5001243,8616
5102850,5747
2406908,8308
2409902,10107
2408607,3359
2403103,28462
2403806,7042
2412302,9160
2402501,7717
2405108,6129
2401453,19630
4123808,10218
4123303,6767
4118402,74672
2902054,9557
1302702,27906
4315909,5292
2110609,19196
2105807,6524
2103752,8992
1700350,3941
1711902,7673
2610301,10317
2611309,19360
2603454,110979
3516408,134215
3138401,41032
3121704,3258
5210208,28141
3512803,49261
2506905,20212
2513604,5307
2503506,12938
3201209,158776
2908507,26580
2902807,19122
2917706,24091
2202026,5767
3300605,31117
1505650,10629
2929255,15404
2919900,6147
2929503,32338
2916807,12379
2602100,36120
3130101,33874
3142205,10339
3203106,10035
3202207,17140
2513406,12321
2501500,17857
2313500,6076
5103007,16096
5103205,44125
2703007,9717
2704906,2617
3113107,2819
4311981,3388
4128625,2710
3535507,36442
3124203,19959
3302254,25778
3204658,8149
3147303,16354
3104908,15395
3108404,11314
3516101,4077
5000203,13753
5003751,9350
5007901,38980
2612505,67815
2602001,23637
3504008,89958
2613404,14347
4307807,26945
3110707,10651
3104106,7288
2205532,3940
2210003,16771
3502309,5353
3536109,6016
3135050,25827
3135456,5028
1200344,7043
1200013,8863
1200807,10723
3305703,13119
2516607,11040
2805703,20274
2800308,518824
2800506,14195
4125456,3067
2408201,22939
2409100,9072
2407609,3343
4319307,4982
4300877,5802
2704609,6751
2707404,5506
2702553,11965
2926509,11070
2920007,3930
3530102,25209
3528007,14416
5000708,17639
2112407,16529
2106904,16882
2111748,6240
2916203,7126
2918704,3144
5208806,41469
1101807,4992
1101559,3695
3128501,3188
3151305,9476
5007703,9162
5008404,5719
1101484,4304
3539806,97360
3515129,2869
3204401,9556
3202256,9841
2603900,14929
2612802,7962
2503001,14766
2507200,8174
2504801,12114
5004007,8264
3106903,12351
3149705,9241
3126703,18084
4105300,8974
4104659,18208
4108809,24356
3551603,24868
3508405,38935
3538105,25377
2100303,13419
2111573,2774
2111672,3325
4321709,14324
3130507,10124
3164431,2583
3531704,3796
3127370,2741
3162252,3365
3127354,2623
3506904,9187
5216908,2299
5200605,6395
2210359,3852
5003454,10795
4310462,1629
3504602,17376
3526605,5261
4202578,1769
4212205,15194
3517604,15315
2803609,19464
2800670,18751
2803104,3888
2804607,21876
2607307,21191
4302907,9113
3539905,5252
3526506,10341
3509403,21009
2202554,3899
2210938,5312
3140803,12168
3153905,10499
3138807,14688
3157906,12467
5101258,12502
3541703,11208
2507903,8045
2512804,6934
2516102,11368
1400100,264712
1400456,13455
1400159,8874
1400175,10998
3510807,24700
3509106,6509
3507902,20543
2505709,8064
3201159,10395
1400027,6428
1400605,3383
2102309,14499
2104677,12822
3545407,7501
4118907,9222
3529906,15904
3512308,14307
3505401,6445
4316758,5618
4309555,3985
3546009,11726
3165701,6744
3146909,11669
3143807,5170
3102803,10189
3537206,9326
3152006,25091
4112405,7821
3528700,4376
5005202,15264
2111607,13965
3519501,5615
3113008,13658
2903102,3780
2913408,11771
2502151,5718
4101002,15760
3114907,1979
5104542,4756
3156908,21675
1600279,28645
1600055,3434
3503703,7040
3511300,8948
2211704,3567
2201150,9909
2205581,3905
3154804,7689
3159803,16977
2926004,33433
2901353,12180
2928307,7226
3537156,2570
3513900,10550
4107900,7122
3168101,5112
3165578,4830
3171402,3088
3529658,1834
3157278,2407
3145455,4410
3545605,13050
2601508,7203
2805604,20048
1300060,2119
2204808,7354
3500105,30544
2301604,4436
3501103,3640
3137700,14466
3116803,7029
3146602,1450
3154002,19113
2205201,13629
2802205,4374
2506707,7688
2517407,1960
2504074,3460
2102101,24467
3204609,20883
5219456,2493
5201306,16148
5219803,7715
3510104,2561
2604502,15407
2909208,9756
3156304,7235
5106372,14206
5105580,8360
4112959,6487
4105201,13233
2102705,14181
2915809,17230
2914406,18954
2604403,9808
2601300,8477
2612000,8668
3134608,14829
3537909,24504
3548203,6329
3162955,19118
1507201,23068
5004809,6751
3549607,2818
3554300,18872
1505205,20313
4309050,6015
2919108,5901
3159407,2988
2209450,1702
2204402,8097
5103254,16369
1302009,6579
2904852,13916
3127008,11051
3130309,6463
2807204,6258
2802809,11997
4117214,3892
3149952,5016
5221502,3799
5209952,11652
4127957,6568
4306502,11233
4304952,2693
2702702,3228
5000807,6628
2700508,10635
3513850,1527
2303956,2786
2108702,12272
2102036,11628
2906808,27300
2310258,3688
4315107,8514
4200804,5271
2402402,6321
1507409,12447
2920106,13581
1720903,11423
1713304,9657
1720200,7123
1711951,2186
1702307,4623
3548054,6739
3109907,9234
3114501,15029
3507456,2194
1507805,9449
1506203,32094
2403400,6297
2414605,9994
1700251,1972
2410009,10188
4320230,2344
4302501,5138
3302056,10606
2306553,8148
2301851,2590
4219101,3152
2305704,4796
3547650,1629
3541059,4772
3545100,4160
4211504,10921
4200754,1693
2407302,6438
2411205,23238
4323309,3155
2905602,15464
3508900,3603
2610400,15193
2301703,5461
2311009,3272
2306207,6192
1506401,3498
4308904,13566
3532504,8218
2923902,6580
2608057,11766
2111052,7147
4311254,4470
2606903,9377
2406700,8960
2407252,4468
2414159,4627
2310852,2190
4212239,3572
2804003,11154
2804300,6915
4126272,5289
5204003,6157
5201504,3172
5216304,7489
4307831,2356
4309126,2062
2900504,8117
4312104,3906
4320206,9626
3557204,10169
4121356,2109
3501152,14794
2400505,15498
4204251,14100
2200277,3570
2303006,2546
1505635,6352
2923035,8796
3531209,6811
5205901,7851
5206701,3089
2106672,4244
4318432,2420
2501153,1662
2804102,9411
3551900,13235
2911808,7293
2112274,4053
4321956,5472
3144409,4237
3541901,8513
4106704,3803
3145356,7232
2904506,9149
2901700,8863
2921302,7767
2402204,24113
3132206,11483
5005251,5499
2100154,9074
4117800,10787
5207535,5729
2930600,10085
1702000,6230
1720259,2212
1707405,5755
5002100,19184
2400901,5218
2310605,5262
2307254,3730
2308377,1901
3118205,5847
2508554,3264
1713601,4228
5214861,6471
5221551,3362
2305308,4726
2603702,18260
4102802,12813
2310506,12300
2312502,1694
2607109,3876
2410900,8736
4113452,4473
2918357,18594
2313104,5201
2404903,6030
4308409,5838
4308201,25789
2411908,8168
3164472,4962
2929008,9352
3115201,3237
3506409,6498
3532108,3882
2302909,2743
2708501,19576
2704104,14142
4207403,5168
2304301,3889
3102506,4094
2201200,32664
2505303,1735
3144359,4577
2111706,13478
2109239,4055
3161601,2892
2912707,14926
4308250,1543
1302108,3927
3153103,4402
3167509,2469
2806008,14107
1100940,10381
4320651,2035
4101309,6356
4117297,2614
2512747,2475
2305332,2600
3546504,4943
4128807,4988
3101805,5475
2700201,11169
5106802,4488
4117008,6267
3114105,10522
2100436,14173
3158607,3265
2101939,4114
2111003,13649
3165404,5237
3125507,2825
3103801,2647
3100807,3884
5108956,5791
2906402,6702
4123105,2930
3123700,7128
2604908,10105
3129509,18649
4311627,4702
4121109,4042
2800209,15863
2803807,2779
4215455,9368
1100379,8596
2205276,4310
4121752,5401
3162450,8801
3154200,9524
3152907,7311
3507704,4598
1501253,2323
4323770,2583
4123204,3050
4300455,3189
2204303,8163
4322251,4104
3554755,1543
3123528,6176
2907707,7107
2309805,1586
2919157,20122
3555901,1245
3113909,9587
3147501,1533
3141207,3611
4323606,1345
4309654,4558
4212650,7698
5107206,3827
5107750,2924
3143203,17165
4312443,2935
4202131,4878
4311718,3320
4301404,8607
4307302,5613
1700707,6428
2609204,7086
5211404,6935
3162658,3143
3146701,4702
2304905,2426
3504305,4216
3510708,10481
1717206,2329
1705557,3295
4126504,13764
2404101,1874
2502607,4644
4116307,3422
3123106,4367
3165909,3666
2202083,5693
3160603,2486
3556354,8548
3543709,8177
2206050,4688
3149408,1718
4111308,2707
3158300,6044
5222203,4277
1400233,4645
4202503,3656
2200301,9852
2210391,2146
3548401,3409
3540853,2827
4323507,2340
5108907,4786
1703800,5450
2306603,3940
3522158,2977
2918456,3511
4306924,1172
3532801,6009
2917359,7694
4117271,5652
2504108,1992
4313490,3572
4125357,5215
2103257,8412
2302107,6397
3520806,3159
2515203,2632
2502904,5090
2513927,3302
2305001,3552
3149507,2793
2904001,9974
1702158,3366
4304671,3805
2306504,2582
4126405,5014
2207207,5275
3145802,2483
5104203,8450
2210375,1858
3138708,4309
3120300,3994
2112704,11186
2311504,3184
3519808,6675
3507753,2282
1718881,2027
4311791,2367
4202875,2354
4211892,2355
4320305,4504
1712157,1391
2305654,3105
3202009,5981
4313391,3218
3113800,2253
4315073,1511
3555505,3617
3138302,2492
3527504,2203
2207959,3253
2202729,4995
3109808,1791
4210050,1578
3127073,3749
4106555,3277
2308807,1784
2413706,3396
2202109,4225
4312617,2552
2410256,2539
1717008,2877
5215900,3204
1712009,2522
2401651,2197
5202353,2628
3146552,4123
3125200,2164
3103207,2013
3145703,1863
3166402,1715
3157302,3643
2201309,2478
4306130,1538
4214300,3116
2408706,3252
2310407,1834
2300150,1900
3161403,4165
3134509,3646
2311231,1637
4206751,1813
4302238,1928
3116407,3733
4312385,2312
3555208,1658
1718758,3819
2210979,2172
2312106,3143
4321832,2619
3115003,2425
3170602,1972